pregnancies,glucose,blood_pressure,skin_thickness,insulin,bmi,diabetes_pedigree,age,outcome
3,145.3,71.5,24.4,176.6,25.4,0.283,48,1
1,142.1,71.6,16.3,79.5,35.2,1.355,35,1
14,70.7,58.4,48.9,84.4,30.0,0.444,69,0
10,145.1,77.0,10.7,122.7,31.8,1.155,28,1
12,143.5,74.7,0,0,29.0,0.243,63,1
7,133.4,35.5,39.7,0,26.4,2.032,31,1
11,90.7,84.1,12.8,0,41.0,1.33,36,1
5,95.3,72.2,41.8,38.6,33.2,1.878,24,1
7,145.2,50.5,15.2,92.9,39.7,1.76,34,1
15,63.7,86.2,7.9,92.0,32.2,0.695,58,0
13,145.9,62.7,30.6,284.1,28.9,0.19,28,1
4,80.5,54.7,14.9,90.2,14.8,1.318,56,0
0,113.3,64.6,40.0,13.7,32.7,0.767,31,1
14,171.2,70.4,11.9,0,32.6,0.329,61,1
9,140.7,58.0,24.9,135.1,41.1,2.238,79,1
0,89.9,61.9,31.6,116.8,44.6,0.64,36,1
2,151.7,77.1,44.5,122.7,32.4,1.192,56,1
5,113.9,94.2,10.2,99.2,21.0,0.551,40,0
12,166.3,69.5,2.1,107.5,35.6,0.871,58,1
17,122.8,78.4,40.4,116.6,34.0,2.092,25,1
16,123.6,87.8,21.9,111.2,40.4,1.186,71,1
15,127.4,62.7,33.9,116.5,25.0,1.786,64,1
3,168.0,77.2,22.4,52.6,35.1,0.408,32,1
8,56.6,75.7,45.9,129.7,34.0,1.606,55,0
0,191.7,64.7,25.6,50.5,27.2,1.018,24,1
5,52.6,94.0,17.3,184.6,25.0,2.32,71,0
17,100.6,58.2,24.1,119.1,42.7,0.223,41,1
1,154.6,74.2,37.2,44.2,39.8,2.072,25,1
2,109.4,62.2,44.5,166.3,32.2,1.529,47,1
16,109.9,78.5,13.3,34.4,31.6,1.59,50,1
10,187.6,57.9,42.3,84.9,29.0,1.338,53,1
8,140.0,78.2,30.9,98.8,30.4,1.351,40,1
16,178.9,71.1,12.8,164.3,35.5,0.35,27,1
17,134.6,78.1,23.6,133.3,26.8,1.263,37,1
1,148.1,76.9,19.8,85.0,33.3,0.693,68,1
14,88.0,66.0,26.3,81.4,43.2,1.357,74,1
11,104.3,66.6,29.6,117.0,42.1,2.094,78,1
11,126.0,78.8,42.2,142.9,37.3,1.532,30,1
7,177.7,45.3,32.3,0,43.3,0.857,80,1
13,140.6,47.3,24.7,36.1,32.8,2.121,75,1
15,130.2,91.8,6.8,92.6,33.4,0.135,33,1
12,89.8,91.1,32.7,70.0,27.5,2.376,55,1
10,134.7,67.8,29.9,73.0,37.3,0.334,48,1
11,116.3,59.7,5.0,35.6,25.1,0.676,66,1
13,192.9,70.3,0,57.1,31.5,0.932,25,1
10,86.2,57.6,44.3,170.8,21.6,0.843,65,0
9,100.3,67.4,12.0,29.6,31.9,1.412,46,1
17,133.7,61.2,27.0,182.0,27.2,1.114,64,1
6,63.3,68.5,45.3,55.5,28.9,1.633,60,0
10,185.7,86.4,21.3,131.5,33.4,0.188,51,1
2,55.9,76.9,0,36.3,26.7,0.425,65,0
0,169.6,55.1,40.9,11.3,34.5,1.708,50,1
1,53.1,60.5,26.2,102.2,23.6,1.388,41,0
14,81.2,57.6,0,76.6,17.7,1.82,51,0
14,118.6,79.0,2.3,2.2,22.3,0.723,25,1
9,122.8,80.8,25.1,64.7,36.0,0.438,34,1
2,95.3,75.5,14.4,84.6,35.5,1.881,81,1
0,153.9,54.0,18.7,84.5,25.0,2.077,74,1
13,69.4,65.4,30.5,0,26.4,1.216,45,0
10,92.1,51.3,15.0,0,49.2,1.33,79,1
12,80.5,60.3,34.6,112.0,35.0,0.689,41,0
6,92.1,73.1,29.4,46.8,39.0,2.034,51,1
0,119.9,66.1,30.9,67.3,48.0,0.174,22,1
7,122.0,72.3,24.8,105.5,27.6,0.59,65,1
8,122.1,62.8,0,17.8,41.7,2.337,27,1
0,157.8,63.2,33.0,48.2,36.3,1.466,74,1
7,164.2,82.3,32.8,14.3,46.6,1.911,43,1
17,92.3,75.0,5.4,77.9,39.6,0.327,44,0
14,110.9,57.6,15.8,0,30.4,1.339,51,1
14,72.3,77.7,16.4,196.4,33.4,2.143,36,0
14,77.0,62.4,10.3,140.0,28.3,0.91,37,0
10,112.0,85.9,34.9,27.7,27.5,0.645,47,1
15,97.7,67.0,0,94.2,30.8,0.769,46,1
7,105.4,84.9,0.6,92.3,21.7,0.854,65,1
14,116.8,79.1,27.6,107.0,38.3,1.864,32,1
6,127.7,83.5,13.0,0,26.4,0.315,33,1
9,122.8,77.5,39.7,86.6,29.1,1.375,65,1
4,85.3,54.7,22.0,85.7,30.3,0.877,24,0
8,154.0,65.1,27.1,25.4,40.8,0.205,30,1
9,140.8,74.6,4.5,57.8,24.0,1.895,45,1
14,142.6,64.5,5.6,46.5,29.8,2.327,27,1
6,102.3,63.3,30.3,101.7,28.1,1.036,65,1
15,114.0,78.4,13.3,0,21.8,2.242,71,1
6,84.2,76.8,0,0,33.2,0.468,40,0
9,86.6,75.0,14.6,137.4,30.8,1.104,59,1
1,160.0,57.5,17.1,71.7,33.4,2.094,58,1
0,167.8,70.0,19.4,97.1,32.3,1.605,79,1
8,137.7,84.5,7.7,27.7,37.4,0.86,63,1
3,137.9,61.6,15.4,33.6,44.1,1.367,50,1
2,108.8,79.7,36.0,68.6,11.2,1.619,55,0
14,102.4,74.0,2.6,157.0,23.7,0.556,56,0
4,150.9,64.3,17.4,51.1,41.5,0.64,31,1
9,81.5,65.2,61.6,183.4,38.7,0.355,74,0
4,69.2,70.2,7.2,77.3,42.0,0.65,56,0
4,66.2,88.1,0,73.6,35.7,1.929,47,0
10,154.9,64.3,25.6,35.8,29.2,2.417,52,1
4,85.2,74.6,6.6,168.4,20.3,2.115,65,1
7,99.0,66.2,20.8,62.3,31.6,1.979,45,1
4,111.2,70.1,0,78.8,41.7,1.11,54,1
14,137.8,70.6,49.2,0,42.9,0.7,60,1
12,83.2,51.0,39.0,0,27.5,1.762,69,1
15,126.0,67.7,40.5,115.3,53.3,1.827,48,1
3,123.3,51.3,27.8,101.4,31.5,0.839,24,1
9,98.6,79.9,20.6,141.8,30.2,0.49,60,0
12,102.7,63.9,27.6,62.6,26.8,0.677,21,0
14,159.2,59.5,29.4,134.3,26.7,1.575,48,1
8,93.9,72.7,51.4,79.5,37.4,0.92,39,1
9,179.7,73.1,18.4,84.7,40.0,2.358,79,1
15,154.4,47.5,21.9,37.2,33.6,0.525,37,1
4,72.1,51.3,11.7,39.0,23.4,1.794,26,0
9,104.6,81.0,28.6,180.4,36.8,1.254,38,1
5,117.4,92.4,0,92.4,31.9,0.349,25,1
4,120.6,61.4,9.3,0,21.2,1.384,26,1
12,159.5,71.3,0,105.1,27.7,2.004,81,1
11,138.1,75.5,52.8,99.5,17.6,0.598,25,1
14,142.9,64.5,12.6,97.9,37.6,1.233,27,1
7,133.1,65.8,0,105.7,31.3,1.061,68,1
4,155.1,58.5,31.1,8.2,37.3,1.695,34,1
14,97.9,73.0,0,208.3,21.9,1.589,24,1
12,106.4,101.1,48.3,44.8,36.1,1.576,22,1
1,125.5,61.3,34.5,135.0,42.8,0.565,34,1
7,111.4,76.0,21.0,77.4,34.5,0.384,37,1
5,169.5,85.3,30.2,121.6,34.2,0.117,37,1
1,143.4,79.0,24.4,94.2,25.7,1.469,49,1
16,127.9,86.3,15.0,0,28.8,1.585,22,1
1,182.0,69.8,13.2,92.8,30.2,2.184,41,1
4,143.5,73.9,6.5,23.9,21.7,1.322,50,1
16,108.5,66.6,10.7,0,25.0,1.767,34,1
13,98.0,72.6,10.7,135.9,29.3,1.079,63,1
8,107.0,74.9,25.3,69.6,33.5,0.306,68,1
11,135.4,55.8,2.4,40.2,30.3,0.907,63,1
13,154.6,55.9,41.2,64.0,26.5,0.578,63,1
15,122.5,75.7,28.6,32.6,32.7,1.969,75,1
17,178.4,66.5,2.6,23.7,47.9,2.021,38,1
0,141.1,86.9,14.7,131.0,46.1,1.405,46,1
2,148.5,83.2,46.0,99.0,33.6,0.878,44,1
9,110.2,49.5,13.9,69.6,35.9,1.526,64,1
2,113.5,87.5,2.8,85.8,30.3,0.346,48,1
3,110.0,87.7,0,87.5,38.7,1.482,21,1
6,113.0,77.8,28.0,115.0,31.6,1.828,32,1
4,83.6,82.8,0,79.8,32.9,2.097,23,0
13,191.6,73.2,33.6,20.1,22.1,1.057,28,1
12,148.1,71.4,27.0,1.0,39.7,0.286,75,1
3,121.8,86.0,4.1,71.0,29.6,0.859,31,1
2,104.3,69.6,0,71.8,25.4,1.996,73,1
4,121.6,76.7,27.1,157.1,32.7,0.495,70,1
15,79.8,73.5,0,36.6,39.4,2.388,41,1
10,127.0,73.7,7.3,98.1,31.6,1.267,40,1
14,109.5,71.2,23.1,59.1,41.1,1.519,53,1
12,80.4,73.5,28.8,0,19.9,1.605,41,0
15,39.5,69.7,0,113.5,42.4,0.277,62,0
5,168.7,74.6,39.5,75.9,26.9,2.228,45,1
13,127.4,52.1,41.4,107.4,28.8,1.386,45,1
9,119.2,93.4,41.2,61.9,33.7,1.633,79,1
11,102.7,86.3,15.6,53.2,31.2,1.388,62,1
10,138.4,53.5,32.5,0,28.6,1.592,48,1
16,100.4,78.7,24.7,117.7,39.6,0.61,29,1
4,174.6,80.8,42.1,141.1,39.4,0.168,42,1
4,104.8,66.0,30.3,163.6,21.3,1.768,23,0
13,86.4,84.4,41.6,64.3,32.2,0.628,36,0
9,174.7,65.5,28.7,57.6,28.0,1.111,70,1
9,126.7,56.0,11.7,97.5,35.0,2.123,24,1
15,148.6,59.1,44.7,149.7,35.4,1.866,38,1
14,135.0,66.2,0,135.6,33.3,0.898,22,1
13,155.7,74.7,24.6,272.9,30.8,2.258,74,1
10,124.5,63.7,13.1,189.9,30.7,1.731,49,1
0,125.2,68.7,21.9,113.4,40.9,1.07,70,1
9,121.3,76.1,21.7,165.4,30.2,2.038,52,1
17,158.3,71.5,20.5,113.4,23.3,0.643,47,1
5,113.1,65.6,25.9,76.4,23.8,2.393,56,1
0,92.1,78.6,0,0,32.0,1.925,43,1
7,115.2,53.2,23.5,0,31.0,1.358,73,1
5,143.5,54.0,38.1,71.8,33.6,1.756,81,1
14,140.9,71.9,28.5,0,29.6,1.012,73,1
17,111.4,70.5,12.1,40.7,33.4,1.614,38,1
3,130.5,57.8,6.1,118.0,38.1,0.517,65,1
15,81.6,85.9,19.3,104.8,25.4,2.409,32,1
17,116.0,75.4,13.7,124.3,21.5,0.47,49,1
11,71.3,76.3,38.8,36.3,22.8,1.932,24,0
2,104.5,59.2,0,71.8,32.9,2.066,64,1
14,131.7,71.0,22.7,23.6,25.3,1.496,64,1
14,149.3,66.3,21.7,1.9,25.1,1.6,36,1
3,140.3,71.2,0,65.2,40.9,1.727,34,1
9,79.9,29.1,22.7,110.8,35.9,1.749,26,1
10,95.2,53.6,7.4,64.6,30.7,1.74,65,1
5,130.3,56.2,27.8,107.8,40.0,0.142,56,1
11,30.6,77.0,42.8,170.7,38.5,1.758,51,0
16,92.2,76.5,12.6,65.9,30.9,1.17,54,1
11,161.6,86.3,0,54.7,32.4,1.257,76,1
1,138.9,57.4,16.8,113.6,36.6,2.297,54,1
9,133.8,62.5,6.6,23.0,36.2,1.328,53,1
5,84.6,61.4,30.6,153.9,37.2,2.242,23,1
0,188.0,84.3,21.7,33.4,34.2,1.526,22,1
15,150.8,60.3,11.5,40.4,32.4,1.03,50,1
2,112.9,63.5,4.6,113.9,29.9,2.096,41,1
11,136.7,69.0,5.9,136.0,28.7,0.706,36,1
4,141.7,75.7,3.5,135.2,32.2,0.454,41,1
10,127.0,76.6,37.9,78.3,38.0,0.291,46,1
16,97.1,72.4,15.6,70.5,30.2,2.052,64,1
15,119.1,71.5,26.7,100.1,31.4,1.024,23,1
12,159.0,74.9,11.4,117.6,26.2,1.367,73,1
3,130.0,73.9,0,206.2,25.8,0.418,59,1
16,112.5,72.0,44.5,103.0,34.8,0.429,78,1
16,167.3,91.4,13.3,134.5,22.0,1.469,53,1
16,70.8,66.2,10.9,185.0,24.9,2.373,58,1
9,134.9,51.5,18.6,67.1,13.9,1.912,70,1
7,112.4,54.4,30.8,154.2,22.2,0.426,64,0
7,196.3,75.8,22.4,87.5,30.4,1.696,47,1
16,131.3,43.3,38.2,9.8,35.5,0.565,41,1
15,92.6,68.3,36.4,197.2,28.4,1.886,67,1
8,103.9,65.0,20.4,156.7,35.0,0.776,39,1
6,106.4,57.1,0,89.7,42.3,0.753,57,1
17,54.8,93.0,36.6,0,34.0,0.753,66,0
2,100.3,80.7,19.3,148.5,34.6,2.263,65,1
8,148.8,82.6,9.8,56.8,27.8,1.573,24,1
3,76.5,79.9,42.2,140.8,40.8,2.254,47,1
15,98.9,71.1,33.7,68.1,22.7,0.289,57,0
7,70.0,65.8,52.6,28.6,38.6,0.491,79,1
1,152.2,69.8,0,84.1,47.5,2.132,21,1
9,106.1,67.6,33.0,74.8,40.7,1.236,81,1
4,141.3,59.1,22.8,107.5,36.1,0.682,32,1
0,115.2,48.8,0,38.3,38.2,2.179,73,1
13,106.4,69.5,15.0,46.5,35.9,0.66,37,1
12,124.9,90.0,33.0,65.5,31.8,1.61,65,1
7,134.8,72.3,14.3,137.3,17.1,1.726,40,1
3,71.1,48.2,12.4,111.3,39.7,1.145,59,0
11,85.1,77.6,0.5,93.6,29.5,0.659,69,0
2,81.3,67.7,0,182.2,42.0,2.193,33,1
17,136.8,78.7,12.1,76.2,34.6,0.293,53,1
14,132.7,57.7,2.4,74.5,39.3,1.968,67,1
0,73.2,83.4,19.4,1.2,38.2,0.229,24,0
2,156.0,68.8,17.7,116.8,38.6,1.787,47,1
11,151.4,69.5,43.8,0,24.5,1.629,55,1
4,103.1,60.9,28.6,147.1,20.9,0.601,21,0
0,155.4,68.2,16.8,18.1,28.3,1.158,30,1
8,144.6,92.7,20.4,64.7,26.8,2.271,77,1
0,120.7,74.5,5.5,43.7,25.3,0.653,23,0
12,83.0,75.6,20.8,0,46.1,0.628,79,1
10,71.3,60.3,24.9,39.9,46.5,1.3,47,0
9,113.6,85.1,0,26.7,36.8,1.381,24,1
11,164.6,63.6,23.1,28.8,28.6,0.961,69,1
17,58.6,73.9,12.1,169.3,37.3,1.396,47,0
17,88.8,67.8,19.6,133.7,38.7,0.948,55,1
6,149.5,73.7,16.4,69.6,43.4,1.455,63,1
17,124.5,78.0,31.3,51.9,36.1,0.525,68,1
3,118.9,49.9,41.2,32.6,30.0,0.64,41,1
9,91.1,80.1,12.1,116.1,23.8,0.311,67,0
15,122.1,59.5,24.0,129.7,45.4,1.815,22,1
8,80.0,64.8,17.5,30.7,33.7,1.413,36,1
15,47.1,61.0,5.8,166.8,20.8,1.811,50,0
5,116.8,58.9,32.8,138.1,37.9,2.397,24,1
16,180.6,74.9,42.4,49.9,32.6,2.052,35,1
2,118.8,68.4,4.5,77.9,24.3,1.523,51,1
15,159.3,71.5,17.5,85.8,30.5,0.751,53,1
13,144.3,45.3,25.6,96.8,34.7,1.312,73,1
11,116.5,82.0,8.6,123.8,12.5,0.609,64,0
2,84.0,50.5,20.4,53.5,25.6,0.211,21,0
5,173.7,81.5,11.2,37.5,50.7,2.174,79,1
1,128.7,95.6,12.7,7.4,29.9,1.682,38,1
17,112.4,68.8,32.5,57.4,41.0,1.84,66,1
12,144.3,65.6,1.0,49.6,38.2,1.345,45,1
4,132.3,52.2,43.3,127.0,30.2,0.623,25,1
10,85.1,59.8,0,0,27.4,1.914,49,1
15,125.6,85.1,12.7,107.1,26.1,1.887,39,1
7,117.0,65.2,34.3,158.0,24.3,0.821,27,0
2,147.5,70.3,11.9,116.7,35.0,1.13,56,1
16,113.8,71.5,15.7,101.1,26.9,0.981,39,1
13,109.7,73.3,48.2,4.2,41.0,0.477,45,1
5,137.4,77.8,14.2,80.9,25.3,1.213,25,1
11,119.7,79.0,4.8,23.0,33.1,0.793,81,1
12,98.0,84.5,24.8,29.4,25.5,2.091,59,1
4,106.4,85.5,13.8,15.5,35.1,0.827,68,1
15,174.7,65.8,14.0,123.2,33.5,2.261,33,1
17,143.3,88.5,45.4,96.3,36.5,1.947,74,1
2,143.9,50.6,4.2,118.1,28.5,1.621,66,1
13,123.0,65.4,38.2,76.0,25.2,2.234,65,1
13,65.5,64.3,0,178.5,22.3,0.279,70,0
7,103.6,60.6,17.1,65.6,42.5,1.015,69,1
10,153.2,67.3,32.4,83.1,23.6,1.438,57,1
7,90.0,74.0,23.0,0.8,25.6,0.137,27,0
9,49.4,85.4,48.4,175.0,35.8,1.145,34,0
16,83.8,71.5,0,115.1,29.5,1.976,28,1
0,147.0,55.9,15.8,47.7,37.2,0.488,31,1
10,44.9,58.9,21.9,140.7,36.0,1.091,22,0
6,87.8,74.0,31.1,81.2,30.1,1.943,57,1
3,132.2,55.8,12.9,109.7,39.9,1.225,61,1
10,83.9,60.6,7.4,51.2,37.5,1.984,66,1
9,157.3,62.2,13.5,34.1,32.3,0.954,30,1
16,87.1,80.4,5.0,51.5,23.3,2.231,80,1
5,85.1,65.3,28.8,120.2,29.8,0.92,21,0
15,158.5,86.7,38.5,64.0,21.4,1.053,74,1
14,106.7,70.4,46.6,99.6,30.5,1.338,31,1
14,69.5,61.7,0.9,82.1,27.0,1.351,44,0
17,124.1,66.9,16.1,6.0,35.2,2.022,69,1
7,83.9,113.8,5.9,97.3,35.1,2.406,70,1
7,133.1,89.0,8.1,0,26.3,1.522,71,1
6,142.5,50.0,2.2,48.5,28.5,2.371,39,1
9,49.1,56.9,0,68.4,33.5,1.835,47,0
1,184.2,68.9,42.4,166.1,32.0,2.019,69,1
12,78.1,71.0,18.1,141.6,22.5,2.139,26,0
12,94.3,69.1,34.1,57.6,37.9,0.086,70,1
2,115.8,56.8,12.3,31.5,40.0,0.59,48,1
6,91.8,70.4,15.8,153.9,41.3,1.925,78,1
1,163.0,74.8,21.5,70.7,35.7,1.148,48,1
6,190.1,69.3,30.0,45.7,42.1,0.298,44,1
8,161.1,78.8,16.9,64.2,24.1,1.847,48,1
2,119.6,69.5,11.6,84.6,33.6,0.102,65,1
10,159.0,37.4,12.5,95.0,38.2,1.79,27,1
3,94.4,92.8,38.0,158.5,32.1,2.403,30,1
2,115.9,69.7,9.9,27.7,30.3,0.434,47,0
14,128.7,66.1,41.6,139.2,26.2,2.334,41,1
4,120.6,87.3,20.2,161.3,31.0,2.283,22,1
9,132.1,85.8,26.0,135.4,24.6,1.937,36,1
15,102.1,75.9,16.0,62.4,32.8,0.925,41,1
4,73.7,85.0,2.3,116.0,35.7,2.39,25,1
0,115.5,69.0,27.7,212.6,38.7,0.75,66,1
16,123.6,57.5,1.3,129.5,28.1,0.276,26,1
16,196.1,54.5,28.0,124.2,21.8,1.601,62,1
2,107.3,82.0,31.3,67.2,32.6,0.351,60,1
1,100.8,88.4,19.5,49.8,29.2,0.463,81,0
11,64.6,67.0,18.2,44.3,40.5,0.709,77,1
3,121.0,67.1,24.5,35.2,42.2,1.429,25,1
15,91.0,73.2,0,80.2,28.4,0.321,57,1
3,125.2,84.2,50.7,112.7,32.3,0.976,30,1
5,177.4,60.1,0,36.7,31.6,0.833,47,1
10,118.3,74.8,6.8,130.8,35.6,1.962,23,1
12,152.5,75.6,13.8,193.4,27.9,0.099,33,1
9,94.9,66.0,7.2,33.3,25.2,1.888,33,0
17,121.6,61.0,36.4,82.5,32.7,2.045,77,1
0,121.6,69.8,2.9,0,31.5,1.32,36,1
13,108.8,70.2,45.2,78.2,45.2,2.18,54,1
13,110.6,59.0,26.7,76.0,35.1,1.999,25,1
1,44.2,82.3,21.0,126.5,27.0,1.72,68,0
10,109.4,78.7,29.6,98.3,33.7,0.444,31,0
14,88.1,72.6,0,45.3,33.6,0.7,28,1
2,146.7,85.3,31.4,0,44.9,0.847,26,1
7,151.5,67.6,32.8,95.3,33.8,2.308,75,1
14,82.0,64.8,26.1,95.6,33.0,0.224,70,0
7,160.6,86.4,4.3,140.9,26.3,0.686,73,1
2,131.6,70.6,34.2,42.7,42.5,2.021,42,1
3,154.3,73.5,30.3,148.2,35.1,0.149,64,1
13,130.4,77.4,25.0,124.9,33.4,1.529,36,1
9,53.7,70.2,13.2,83.4,26.6,1.584,72,0
16,120.5,108.4,16.9,76.8,23.8,1.202,71,1
15,97.0,82.9,14.5,122.9,41.3,0.149,72,1
8,212.2,83.3,0,61.2,50.9,0.314,63,1
7,113.9,92.0,24.7,69.9,36.9,2.061,72,1
12,82.6,88.1,25.6,49.1,21.4,1.712,79,0
0,111.4,59.3,11.9,66.3,44.6,1.976,52,1
17,106.5,83.0,29.8,103.5,33.7,0.082,79,1
6,130.1,59.7,32.7,177.0,33.7,0.426,66,1
4,129.4,47.0,46.1,0,20.3,1.006,27,1
10,114.5,76.2,41.4,202.2,36.6,1.599,32,1
17,94.5,44.1,22.6,38.5,28.3,0.798,65,1
9,156.0,83.9,57.0,33.8,14.5,2.339,23,1
5,62.3,53.8,31.1,71.4,16.9,0.409,68,0
2,126.9,104.0,36.4,188.6,41.3,1.576,77,1
10,96.3,73.1,20.0,102.5,31.9,0.083,45,1
14,110.8,38.5,34.0,33.6,25.6,0.317,51,1
7,126.5,74.0,27.6,38.7,24.8,0.254,31,1
12,126.7,74.0,61.3,20.7,21.3,2.17,66,1
0,77.7,77.3,6.7,40.0,37.9,2.36,47,1
17,110.9,50.9,18.8,128.6,32.2,1.418,74,1
15,137.2,79.3,8.0,102.0,27.0,0.547,22,1
6,132.7,78.8,46.8,136.9,29.5,1.224,63,1
8,153.7,78.1,33.3,194.6,26.8,0.696,50,1
8,123.8,79.4,44.7,117.9,30.5,0.884,55,1
13,162.0,67.1,0,42.0,35.0,1.333,76,1
15,98.9,66.1,15.2,137.3,33.1,1.417,54,1
4,159.2,83.8,41.5,233.1,44.5,0.375,48,1
2,154.1,69.1,42.5,78.6,34.7,2.211,79,1
2,154.8,78.0,0,42.0,16.5,0.109,65,1
16,123.1,64.3,32.2,142.7,16.3,0.314,27,0
3,134.3,46.5,43.9,0,31.1,1.419,51,1
1,135.3,80.8,2.2,18.7,26.3,2.137,65,1
7,154.6,74.2,18.2,137.5,25.5,0.808,74,1
15,150.6,55.8,31.3,72.6,28.4,1.891,41,1
8,114.2,53.8,34.6,114.5,38.1,1.214,54,1
11,136.6,57.0,27.5,123.6,28.2,2.072,77,1
0,150.1,91.7,21.7,99.7,34.2,0.923,33,1
8,95.8,79.9,0,162.0,29.8,1.224,49,0
5,155.2,66.7,6.1,62.5,34.8,2.024,26,1
9,130.1,70.7,36.9,0,33.1,0.607,34,1
8,97.7,58.3,47.6,0,28.7,0.39,32,0
0,127.2,86.2,43.7,46.8,30.6,2.175,75,1
11,98.3,72.1,13.8,148.9,25.4,0.097,63,0
11,80.2,63.9,15.0,169.2,25.7,0.727,41,0
8,116.5,88.9,30.5,48.4,39.0,2.185,72,1
12,94.2,54.7,15.8,0,37.4,1.059,45,1
1,30.1,50.6,25.9,29.7,29.6,1.574,51,0
11,58.2,68.9,37.6,0,33.3,0.379,37,0
17,121.6,62.4,13.8,30.9,37.6,1.821,40,1
13,126.8,59.5,19.1,130.0,36.7,2.107,58,1
2,99.3,71.4,37.6,142.0,24.9,2.118,30,1
4,149.3,69.5,53.7,69.8,35.9,2.098,32,1
2,74.9,71.3,30.1,156.3,37.6,1.861,31,0
5,65.8,71.3,38.8,123.5,27.2,2.339,45,0
0,140.7,71.9,18.1,87.2,26.2,0.526,64,1
0,103.1,63.5,14.9,28.3,36.7,1.457,31,1
2,132.1,61.0,13.5,173.6,26.8,2.158,29,1
10,157.1,69.7,20.0,44.0,42.7,0.125,35,1
4,121.6,72.5,11.8,79.1,29.0,0.958,61,1
8,126.0,53.4,15.8,69.5,42.4,0.193,28,1
13,104.6,72.1,19.6,173.3,34.9,0.102,47,1
3,106.7,61.9,13.2,59.9,33.6,1.762,28,1
9,131.4,73.7,23.4,118.0,31.3,0.552,66,1
13,117.4,73.3,9.1,80.9,37.7,0.086,63,1
2,170.7,57.4,15.6,50.2,39.1,1.773,27,1
8,98.2,59.6,32.4,73.3,44.2,2.125,75,1
9,89.3,83.9,12.9,93.4,40.7,0.103,29,0
5,87.8,92.4,32.1,66.8,31.3,0.882,28,0
12,91.4,77.8,32.6,1.2,24.7,2.154,31,1
3,154.7,84.3,50.7,66.6,44.2,1.209,57,1
14,133.1,80.7,17.6,91.3,26.6,2.358,29,1
15,133.7,67.2,15.8,89.7,31.6,1.729,64,1
16,124.6,54.4,0,14.2,28.9,1.304,65,1
3,73.0,77.9,0,90.0,29.5,2.014,78,0
1,194.5,72.0,2.0,77.6,27.8,1.838,41,1
7,107.4,78.5,0,76.7,22.7,0.264,49,1
14,152.0,77.4,1.9,234.2,32.0,1.024,23,1
17,63.0,63.2,30.7,0,22.4,1.396,62,0
14,148.9,66.5,30.7,94.3,23.4,1.53,51,1
11,116.7,64.2,20.7,37.6,24.8,2.337,39,1
17,70.7,67.4,29.2,90.2,39.1,1.768,27,1
8,104.2,65.0,34.5,54.6,20.2,1.757,27,1
13,163.4,74.9,16.1,52.8,38.0,1.459,53,1
4,122.9,69.7,18.2,4.1,23.5,2.243,70,1
5,112.9,63.1,23.0,54.3,26.8,0.833,77,1
12,81.7,78.0,15.7,37.6,26.9,0.768,72,0
4,148.1,82.4,34.5,32.9,36.9,0.815,68,1
17,105.6,64.1,10.6,45.0,26.1,2.376,62,1
5,70.7,69.5,16.5,106.7,27.2,1.415,63,0
13,88.9,47.4,0,54.0,31.0,0.329,45,0
4,130.3,71.3,17.0,184.7,42.6,0.423,24,1
9,131.4,84.4,8.9,131.1,24.2,1.395,35,1
17,90.7,79.2,27.2,0,31.2,0.973,47,1
10,130.4,69.1,19.6,39.6,41.4,1.117,35,1
11,121.3,54.9,0,17.2,37.7,0.495,64,1
2,127.6,76.8,4.5,74.9,24.0,0.384,58,1
8,155.8,70.5,24.2,73.4,40.5,1.89,61,1
9,78.3,70.9,2.4,161.7,30.0,0.51,25,0
16,141.6,82.6,7.8,111.7,39.7,0.855,39,1
6,162.3,64.9,0,92.1,32.1,0.348,43,1
14,122.8,87.2,30.4,58.0,46.1,0.972,71,1
3,89.9,79.8,12.8,209.3,35.0,1.959,49,1
15,185.8,77.0,26.8,147.4,36.0,2.318,55,1
17,131.8,70.2,6.8,0,36.9,0.323,55,1
13,74.1,47.4,19.8,45.3,25.9,0.285,24,0
5,131.2,55.3,9.8,60.4,31.6,1.555,48,1
10,167.6,71.9,0,61.3,23.3,1.45,65,1
2,96.3,81.1,14.0,168.5,27.5,2.248,45,1
12,123.5,67.3,26.3,115.2,31.7,2.068,39,1
4,100.1,93.9,51.4,54.0,21.5,0.106,76,0
17,125.9,72.7,5.6,53.5,29.2,0.572,68,1
11,136.6,95.3,25.3,53.3,35.9,0.671,28,1
5,100.3,56.3,45.1,113.5,40.8,1.589,25,1
9,108.5,62.0,26.8,154.8,38.3,1.651,36,1
3,117.3,74.5,26.4,144.9,27.1,1.703,30,1
11,148.6,41.7,26.8,125.4,34.5,1.58,38,1
11,154.6,84.6,32.8,33.6,28.2,1.371,32,1
2,154.5,50.1,32.7,137.5,30.8,0.259,25,1
0,146.5,56.3,28.1,7.1,32.6,0.166,37,1
17,151.3,60.8,14.8,52.0,20.5,1.46,75,1
9,145.2,80.5,32.8,110.7,37.2,2.336,60,1
5,120.8,63.4,31.2,145.3,19.0,0.422,67,0
15,128.5,68.7,20.8,36.5,31.5,1.644,54,1
11,65.4,87.3,23.4,68.4,30.1,2.346,61,0
8,132.7,61.9,10.5,69.8,28.2,1.609,74,1
2,89.1,68.8,36.1,40.2,23.5,1.219,51,1
0,102.5,69.9,23.2,100.7,29.0,0.517,44,0
3,102.5,59.5,16.2,105.8,28.4,1.462,62,1
13,129.4,70.5,11.5,64.2,30.6,1.419,24,1
5,119.0,77.6,40.9,58.9,30.7,1.764,63,1
9,141.1,67.3,5.8,38.0,27.1,1.041,30,1
5,92.6,60.0,32.0,159.3,40.3,0.241,45,0
12,123.9,71.6,0,61.3,26.7,1.497,32,1
15,155.3,60.6,34.2,28.7,32.0,1.623,78,1
17,151.9,47.4,23.6,0,25.3,0.182,54,1
13,127.4,91.4,23.9,23.0,22.2,1.862,65,1
3,98.1,74.2,23.5,0,40.2,1.352,37,1
6,172.8,70.7,39.4,83.3,25.3,0.561,72,1
10,107.2,73.1,1.0,115.7,31.4,1.401,60,1
8,152.2,69.4,25.8,152.9,27.9,1.388,51,1
8,161.9,68.9,22.4,20.2,41.0,0.359,35,1
14,136.1,41.3,35.4,122.1,34.8,1.517,64,1
1,164.0,96.3,27.0,80.9,41.8,1.099,25,1
8,122.3,74.8,35.3,93.9,41.6,1.299,66,1
1,175.9,62.6,9.1,30.2,35.1,1.961,39,1
6,162.3,73.4,8.4,75.7,32.9,0.64,21,1
5,142.0,75.0,0.8,132.7,28.1,0.116,66,1
2,155.3,62.6,16.9,4.1,26.4,1.988,35,1
6,88.8,73.4,29.9,81.1,23.1,1.257,42,0
3,146.2,41.6,40.9,2.8,22.4,2.341,57,1
15,126.7,50.0,37.2,64.0,23.0,0.144,28,1
8,161.3,77.0,44.0,76.7,32.8,2.316,54,1
17,180.3,71.4,20.1,106.5,26.0,0.258,80,1
5,90.4,71.6,30.0,50.7,42.0,2.209,52,1
6,122.3,78.9,18.9,123.1,38.8,0.913,70,1
3,129.4,73.3,37.9,60.8,45.8,2.322,75,1
15,100.8,77.6,46.5,6.1,27.0,0.508,69,1
16,115.7,78.4,15.3,70.7,34.4,1.345,53,1
11,81.7,81.3,39.9,226.3,29.5,1.693,21,0
6,109.3,73.8,0,171.2,34.1,0.71,60,1
10,95.0,80.5,26.1,170.3,22.5,0.734,32,1
4,168.3,67.6,30.0,0,35.0,2.084,33,1
4,136.2,51.3,17.8,81.4,28.7,2.17,61,1
16,92.8,67.8,7.9,83.8,33.4,0.312,31,0
1,125.3,79.0,23.8,57.1,31.8,0.923,56,1
8,101.6,80.3,5.7,152.9,24.8,1.601,55,1
5,146.0,68.7,11.3,143.9,33.2,0.263,60,1
9,41.9,76.8,35.5,16.8,38.6,1.513,46,0
2,145.8,75.3,11.0,160.4,29.7,1.005,77,1
14,134.6,42.2,19.7,7.2,28.0,2.079,29,1
7,80.1,45.7,18.0,56.7,33.6,0.229,77,0
15,112.9,69.2,0,141.6,36.7,0.443,62,1
12,111.2,78.4,15.2,162.3,41.1,0.147,63,1
11,138.1,61.8,0,104.3,26.6,1.121,81,1
17,139.1,84.5,4.5,17.4,24.2,1.576,40,1
11,97.2,71.0,31.6,107.5,28.5,0.105,54,0
4,100.0,81.2,56.1,87.1,39.5,0.101,48,1
9,73.2,57.7,10.1,68.4,37.5,0.665,66,0
12,130.7,62.5,39.7,120.1,19.5,1.515,65,1
8,108.6,89.3,26.0,22.3,34.7,0.758,61,1
14,101.2,63.6,12.6,53.0,34.2,1.332,32,1
3,116.7,76.1,18.1,82.9,33.0,0.588,47,1
9,128.4,56.3,2.9,147.0,34.8,1.836,30,1
1,116.7,81.9,10.2,69.8,36.2,0.973,21,1
3,170.0,67.0,0,187.9,32.4,0.546,68,1
3,30.0,65.5,0,95.4,29.6,1.552,23,0
17,95.8,68.8,13.1,49.5,42.6,0.59,28,1
7,101.0,62.1,26.4,121.9,41.0,0.101,23,1
15,113.0,63.6,21.6,35.0,21.3,0.872,69,1
1,162.8,76.3,11.5,0,35.6,2.377,71,1
11,131.8,57.9,28.6,165.9,29.6,2.183,52,1
14,82.7,64.6,0,84.8,26.0,1.176,76,0
17,141.0,82.5,0,114.7,24.6,1.896,53,1
12,113.2,45.3,8.9,41.0,27.5,0.228,55,1
12,137.9,86.9,20.9,45.5,30.5,0.834,27,1
16,114.8,67.0,29.3,65.7,35.3,0.528,23,1
12,98.6,57.7,16.3,36.0,25.6,0.246,80,1
6,79.0,47.1,28.9,21.4,27.7,1.82,77,0
13,144.9,50.8,40.7,109.8,20.8,2.033,25,1
6,134.0,68.7,16.9,7.0,35.2,0.662,61,1
5,81.8,64.5,19.3,0,22.7,1.724,48,0
3,130.1,76.6,8.2,111.6,45.7,1.117,43,1
10,16.7,57.4,29.3,28.8,23.2,0.837,36,0
17,132.3,89.9,31.0,59.4,39.4,1.009,67,1
1,162.8,68.3,0,59.0,30.1,0.599,75,1
10,178.9,73.0,15.2,35.2,23.6,2.247,30,1
3,149.2,72.6,29.9,123.9,27.6,1.978,26,1
12,99.7,66.5,32.5,104.8,23.9,2.184,65,1
3,97.7,64.3,17.5,1.9,34.1,1.884,43,1
13,64.3,82.1,27.8,48.6,26.5,0.107,70,0
12,156.8,74.9,11.3,150.2,27.0,0.438,64,1
12,172.6,66.4,13.8,68.1,20.8,0.426,42,1
2,67.7,73.0,8.1,66.0,26.0,1.713,69,0
4,98.9,71.0,3.5,127.7,10,1.307,36,0
2,116.5,82.7,11.6,7.9,37.5,0.935,33,1
10,93.9,84.5,21.2,43.7,24.4,1.959,60,1
4,52.3,80.0,22.5,170.8,38.3,0.281,68,0
1,121.9,86.7,38.1,170.8,30.5,1.962,40,1
14,91.7,71.9,19.3,38.7,20.8,1.364,60,0
4,103.9,53.2,0,171.3,26.7,0.221,33,0
8,164.1,75.7,35.9,83.1,30.2,1.625,76,1
3,183.9,72.9,13.1,44.9,18.0,0.313,41,1
15,146.4,59.0,27.3,145.1,16.6,0.13,36,1
16,107.4,83.1,19.9,68.5,29.4,0.787,53,1
8,137.0,54.4,44.3,0,32.7,1.379,38,1
7,159.5,90.9,16.2,58.6,18.9,1.513,61,1
7,83.8,77.8,7.6,103.1,26.0,0.388,62,0
4,77.6,61.1,22.6,111.3,26.4,2.208,48,0
4,97.1,57.1,23.3,98.8,21.1,0.511,74,0
4,112.2,49.8,32.1,37.6,25.6,2.265,78,1
8,131.9,76.3,22.5,90.2,41.7,1.497,60,1
7,100.9,65.1,26.4,84.0,32.7,2.06,51,1
11,132.8,80.9,10.6,85.9,33.1,2.347,80,1
8,141.6,67.4,14.9,44.4,33.2,2.314,49,1
15,95.5,47.7,32.9,38.9,33.6,2.009,67,1
10,60.4,87.5,2.2,47.5,25.1,0.17,27,0
14,56.8,76.6,28.6,48.7,12.5,0.172,45,0
16,127.8,39.4,26.4,140.0,41.0,0.749,31,1
13,100.2,95.9,7.2,0,22.2,0.292,53,0
3,138.1,84.4,35.8,33.5,27.2,0.138,50,1
6,130.3,66.5,9.6,157.5,31.0,1.796,26,1
3,107.7,53.6,41.6,128.0,29.2,1.512,31,0
12,110.9,68.9,26.9,127.7,41.6,0.459,30,1
5,121.2,66.1,10.8,170.7,37.6,0.503,78,1
4,122.6,69.8,20.2,70.6,23.8,1.969,59,1
15,123.2,86.0,3.8,89.4,40.3,0.653,56,1
8,90.2,59.5,22.3,63.1,38.1,0.166,75,1
1,89.6,50.1,9.2,208.8,38.9,0.497,64,1
9,82.4,58.2,0,20.7,35.4,1.435,80,1
1,142.5,75.6,9.4,123.0,38.7,1.368,39,1
15,152.7,83.8,17.0,152.6,21.3,1.512,27,1
16,156.7,68.9,6.0,0,37.7,1.505,41,1
8,17.1,63.8,14.9,105.1,24.2,1.559,52,0
5,137.3,64.2,17.4,118.1,37.8,1.944,68,1
6,156.4,27.6,7.6,107.8,22.7,0.106,33,1
9,119.7,74.5,13.7,152.1,32.4,0.86,46,1
0,130.4,63.1,38.2,0,24.1,0.163,29,1
15,139.9,81.0,42.5,0,19.5,2.251,24,1
16,104.3,88.4,12.1,148.1,34.8,1.951,77,1
11,136.6,72.8,27.9,34.0,25.9,0.468,59,1
12,126.1,75.5,22.8,29.5,38.9,0.715,26,1
15,142.1,61.9,26.5,35.3,27.7,0.956,23,1
6,149.6,63.3,38.1,90.7,27.5,2.241,67,1
16,109.5,79.9,20.9,52.9,40.4,2.403,34,1
1,71.0,74.8,18.6,79.2,41.7,1.471,26,0
10,110.4,70.8,0,68.7,28.5,0.81,78,1
6,111.0,77.1,17.7,131.9,28.7,0.429,38,1
3,164.5,71.6,9.2,76.4,28.4,0.411,66,1
9,102.5,66.7,7.3,197.4,29.8,0.148,78,1
1,128.4,72.5,11.0,96.8,24.3,2.037,65,1
14,99.4,63.1,30.4,0,27.9,2.358,69,1
14,107.1,67.8,28.0,0,36.9,1.588,70,1
14,43.7,75.4,41.1,180.2,31.7,0.509,79,0
10,136.0,45.9,16.2,84.3,25.6,1.159,31,1
9,124.9,53.8,25.2,100.1,37.1,0.843,62,1
2,130.4,55.7,6.6,116.2,25.6,2.359,45,1
2,88.3,88.5,0,23.1,20.7,1.354,36,0
5,113.3,65.9,39.0,47.0,22.7,1.163,56,1
3,128.7,63.3,25.8,73.8,42.0,1.885,45,1
10,73.0,70.6,44.8,139.6,43.5,1.569,21,0
4,101.3,58.8,14.3,160.2,27.5,2.133,40,1
9,185.5,56.2,12.9,0,41.2,1.511,53,1
12,156.0,50.8,51.8,129.3,32.3,1.39,43,1
3,161.3,51.6,22.3,173.0,27.2,0.976,45,1
13,74.7,65.1,9.8,86.1,20.1,2.046,30,0
9,167.6,69.7,24.1,97.3,43.1,1.219,48,1
4,159.5,78.7,4.8,113.4,34.3,1.076,32,1
14,79.5,69.1,5.7,97.4,35.7,1.432,75,1
7,114.0,60.8,38.8,45.0,33.9,1.211,44,1
3,48.4,55.2,42.7,126.8,18.3,1.836,38,0
14,81.3,68.4,10.8,51.3,25.0,1.645,64,0
17,128.2,60.1,33.9,97.9,33.4,1.28,51,1
10,48.4,84.5,23.9,32.7,47.5,1.834,67,1
8,153.6,75.1,22.5,97.1,44.7,1.541,39,1
15,153.0,77.1,27.7,41.1,35.8,2.087,21,1
3,64.2,54.0,18.4,0,29.0,1.911,36,0
15,136.5,83.3,65.0,115.6,41.2,2.003,74,1
15,120.6,57.6,2.5,139.1,31.4,1.432,74,1
11,143.6,73.1,22.2,62.1,24.2,1.194,81,1
17,125.0,88.1,10.4,109.8,24.7,0.756,72,1
14,99.4,77.1,0,51.7,39.1,0.908,75,1
13,84.3,58.8,18.2,127.2,33.7,1.447,50,0
7,115.8,54.1,24.9,131.2,30.4,1.361,64,1
0,122.4,68.4,26.1,96.2,27.4,0.743,33,1
1,133.9,70.8,41.7,46.9,40.8,1.573,66,1
3,157.3,78.4,0.7,151.6,24.4,0.512,28,1
5,119.2,83.5,41.0,46.6,37.0,1.079,78,1
10,117.4,90.9,19.0,101.2,14.2,0.684,73,1
8,125.3,74.1,30.6,74.8,24.1,0.334,55,1
13,129.1,86.9,41.6,30.4,34.2,1.417,37,1
14,157.3,71.7,19.6,78.0,38.8,0.435,42,1
12,85.6,63.5,37.3,54.3,19.6,1.907,71,1
2,117.5,69.8,48.3,48.5,23.0,2.268,43,1
10,106.6,59.0,0,0,39.3,2.329,26,1
14,121.7,60.1,25.9,153.0,42.1,0.779,45,1
3,99.4,61.7,39.5,123.2,31.6,0.532,67,0
7,108.5,70.3,6.7,67.0,19.0,1.131,22,0
1,104.5,79.2,17.0,19.8,34.4,1.304,81,1
17,145.0,82.7,23.9,72.5,38.4,1.183,79,1
1,122.1,87.3,42.6,87.7,42.7,0.308,60,1
5,125.9,66.2,23.2,53.1,24.0,0.228,33,1
13,88.3,89.5,18.8,19.3,39.7,1.357,41,1
6,123.8,54.0,15.8,106.2,36.6,1.709,56,1
5,52.4,80.3,27.1,87.0,37.5,1.9,22,0
15,123.4,70.7,42.4,37.9,27.2,1.703,71,1
15,112.3,62.4,7.6,23.8,17.9,1.509,23,1
5,111.0,53.8,45.5,139.0,29.7,1.385,33,1
3,207.5,67.2,0,0,40.3,1.166,61,1
6,116.5,77.8,27.0,0,39.8,0.493,63,1
1,148.7,73.8,23.1,124.2,21.1,1.14,27,1
1,137.7,66.6,24.1,12.6,43.1,1.768,58,1
10,73.7,79.7,29.3,54.1,35.9,0.635,47,0
6,104.0,76.0,1.9,92.5,35.0,2.251,50,1
5,106.8,74.2,15.7,0,36.6,0.378,65,1
1,117.0,75.7,3.7,93.4,32.3,0.771,31,1
5,84.2,62.8,22.1,141.3,18.2,0.586,51,0
14,110.6,89.1,19.0,35.0,27.7,2.167,58,1
4,178.6,56.8,15.8,88.9,43.4,1.26,48,1
16,74.1,83.5,17.6,54.3,29.1,1.842,65,1
13,136.2,68.0,13.4,163.1,38.7,0.793,66,1
14,153.3,54.5,37.4,90.1,33.9,1.029,71,1
11,85.1,56.6,42.5,80.7,24.0,1.322,39,1
13,120.9,51.4,4.1,29.0,34.8,1.532,42,1
1,50.1,67.6,16.6,94.7,26.2,0.176,44,0
5,90.2,55.0,0,41.5,36.1,1.343,62,1
15,115.8,50.0,37.2,12.3,32.2,0.83,78,1
8,86.5,69.7,34.6,99.4,24.1,2.021,51,1
17,102.8,56.7,14.2,160.6,37.2,1.973,81,1
2,145.1,93.1,33.6,111.1,39.6,0.26,31,1
8,133.8,74.4,26.3,112.9,33.4,1.055,64,1
17,153.0,64.3,0,127.2,36.5,0.132,72,1
7,139.7,57.5,9.2,147.7,25.1,1.218,63,1
16,139.0,59.1,17.2,110.1,33.1,0.688,51,1
11,173.9,66.2,34.3,96.4,27.9,2.242,66,1
17,101.1,101.5,33.1,2.0,30.0,0.637,23,0
10,89.2,64.2,12.6,109.7,29.2,2.369,30,0
11,37.4,80.4,12.0,73.6,48.0,1.878,81,0
14,136.8,66.9,39.8,65.9,21.9,0.772,78,1
9,172.6,66.2,43.7,76.7,35.5,2.238,42,1
3,112.1,44.4,33.0,138.3,29.5,2.048,49,1
11,129.0,72.2,6.6,18.4,34.9,0.73,22,1
2,86.3,66.9,16.8,57.4,27.4,0.824,59,0
16,185.6,60.9,14.2,106.0,36.1,0.952,39,1
11,67.6,96.6,24.8,61.8,30.9,2.403,72,0
14,106.1,91.1,36.5,68.3,35.1,1.454,26,1
4,129.5,83.1,51.6,0,48.3,1.849,26,1
0,60.2,84.3,2.5,119.1,29.1,0.4,32,0
12,110.9,83.5,26.0,34.4,25.0,1.811,35,1
0,124.7,63.3,12.9,161.6,29.6,1.638,39,1
13,149.9,93.6,17.6,68.6,32.8,2.351,59,1
11,83.9,62.4,35.2,17.9,21.3,0.36,53,0
0,130.8,64.1,33.1,98.9,34.7,0.462,38,1
11,58.3,82.8,11.8,119.0,15.9,1.282,70,0
5,124.0,53.9,27.0,125.9,26.5,1.952,38,1
11,154.7,79.0,21.1,71.3,25.3,1.215,42,1
5,134.8,74.2,21.9,118.1,39.7,2.026,54,1
17,108.4,51.8,25.4,21.0,35.0,0.387,22,1
15,91.6,85.0,31.1,129.7,40.5,2.35,32,1
9,177.8,74.0,25.5,196.5,35.1,0.373,29,1
2,71.6,79.3,22.4,87.5,24.6,0.539,23,0
16,90.0,62.5,24.0,70.3,31.7,0.306,28,0
6,101.8,65.8,18.1,67.2,39.1,0.729,58,1
11,82.3,88.9,24.2,0,29.4,1.998,69,1
0,70.1,66.6,29.6,71.8,32.0,1.777,80,0
6,174.8,58.8,0,94.7,36.2,0.331,74,1
11,153.4,68.5,3.7,74.5,32.4,1.17,54,1
4,89.7,70.3,13.9,173.3,39.1,0.98,50,1
9,96.4,48.8,22.5,140.7,39.4,2.085,78,1
15,148.4,65.7,43.9,87.2,28.7,1.303,64,1
2,143.5,78.2,5.1,0,31.2,0.475,44,1
6,97.3,83.7,28.2,78.2,37.9,0.732,66,1
8,122.3,48.5,34.1,60.3,23.4,2.391,53,1
8,141.2,80.6,33.3,128.3,34.0,0.15,68,1
1,138.2,57.7,29.9,86.3,27.1,0.788,60,1
3,123.0,52.4,1.5,71.3,26.3,1.245,53,1
8,63.8,64.2,17.1,77.1,33.9,2.139,28,0
12,60.4,77.2,15.9,85.7,36.6,1.904,77,1
5,102.8,70.3,16.0,12.2,40.1,1.625,64,1
17,87.3,64.0,31.6,23.5,25.7,2.352,60,1
11,122.7,60.2,39.8,110.2,36.6,1.974,58,1
0,124.3,53.3,7.6,123.3,39.2,0.212,36,1
7,122.7,80.3,41.0,126.6,34.3,0.477,55,1
10,165.6,74.1,3.0,113.8,30.7,1.179,22,1
10,97.1,78.3,0,32.0,40.5,0.866,53,1
10,133.5,78.8,30.5,72.3,19.5,0.256,75,0
17,125.6,79.2,13.9,154.9,35.3,2.322,66,1
3,98.6,64.8,2.0,50.1,26.2,0.259,73,1
9,93.0,69.7,12.8,35.5,27.4,1.286,63,1
17,122.6,72.1,10.8,0,27.7,2.331,68,1
14,114.9,87.0,31.3,0,45.6,1.78,24,1
16,130.9,82.7,21.6,179.2,33.3,1.04,76,1
2,78.8,52.7,18.6,129.1,37.7,0.633,36,1
3,124.5,72.3,24.0,30.5,10.5,1.068,78,1
1,127.6,79.1,47.8,99.3,30.5,1.588,23,1
15,122.2,66.0,31.1,48.5,31.2,2.315,78,1
11,88.5,48.0,0,149.3,34.8,1.416,53,1
3,60.4,66.9,55.2,36.8,31.8,0.637,28,0
10,99.7,84.0,0,143.6,32.6,0.418,32,1
6,153.8,67.6,19.4,160.0,25.2,2.3,41,1
17,77.0,78.4,52.0,51.8,38.1,1.755,73,1
9,202.8,74.1,0,9.0,23.3,1.696,71,1
7,119.4,81.8,4.0,8.6,40.7,1.332,36,1
14,66.3,87.0,0,183.3,31.9,2.005,36,0
9,136.6,94.4,39.5,37.3,40.7,1.031,23,1
8,159.8,53.4,36.8,55.3,20.5,1.759,77,1
