age,sex,cp,trestbps,chol,fbs,restecg,thalach,exang,oldpeak,slope,ca,thal,target
31,1,1,148.7,234.4,0,1,124.4,1,0.04,2,2,3,1
77,1,3,113.9,292.4,0,1,190.1,0,2.19,1,1,2,1
67,1,1,127.9,258.5,0,0,191.1,1,0.18,1,0,3,1
66,0,0,94.4,279.3,1,1,128.9,1,2.16,1,0,3,1
46,1,1,128.8,229.5,0,1,110.0,1,1.07,2,3,1,1
34,1,1,135.1,182.2,0,2,113.0,1,2.15,1,0,1,1
29,0,0,134.3,253.9,1,0,144.5,1,0,1,3,1,1
42,1,1,124.3,220.0,1,2,122.4,1,1.91,1,0,1,1
63,0,1,119.3,117.4,0,1,152.6,0,1.76,1,3,1,1
35,0,0,139.9,178.3,0,2,141.0,1,0.95,1,1,1,1
29,0,1,149.8,298.2,0,1,146.5,1,1.09,0,2,2,1
65,0,1,141.6,251.8,1,1,156.5,1,2.11,1,2,1,1
49,0,0,129.4,188.4,0,1,127.4,1,0.45,1,2,3,0
68,1,3,121.6,179.4,0,2,146.6,0,0.79,0,0,3,1
43,0,1,109.6,193.1,0,1,189.2,1,4.71,1,0,2,1
60,0,0,139.2,263.4,1,0,129.6,1,0.58,1,1,1,1
58,0,2,125.9,299.7,1,2,113.6,1,0,0,1,1,1
70,0,2,153.2,289.8,0,1,137.3,0,1.79,0,0,2,1
48,1,0,147.7,312.9,1,0,132.4,1,1.91,2,3,3,1
72,1,3,125.1,264.8,0,1,132.8,0,0.37,1,1,1,1
51,0,0,128.2,363.8,0,2,157.5,1,0.34,0,2,1,1
69,0,1,135.2,341.0,0,0,117.4,0,1.05,0,0,2,1
30,0,1,131.0,299.3,0,0,135.7,1,0.25,2,3,3,1
76,0,3,147.3,156.3,1,0,166.8,0,0,0,0,1,1
57,0,3,134.8,253.4,1,2,126.4,1,0,0,3,1,1
54,0,1,149.2,310.1,0,2,151.9,0,1.23,0,1,3,1
71,0,3,152.6,100,1,2,165.2,1,0.3,2,3,3,1
34,0,0,136.2,298.2,1,2,158.8,1,2.3,0,0,3,1
54,1,2,132.2,225.6,0,2,152.5,1,1.6,1,3,2,1
61,0,0,122.1,194.9,0,0,158.4,1,0.91,0,2,2,1
47,0,3,132.9,134.9,1,2,156.6,1,0,0,0,3,1
41,1,2,121.1,286.5,1,1,175.7,0,0.78,2,2,2,1
68,0,1,158.3,277.5,0,0,113.6,1,1.58,0,1,1,1
45,0,3,124.8,351.0,0,0,148.5,1,0.42,2,1,3,1
69,1,0,118.5,288.0,1,0,137.3,0,0,0,1,1,1
46,0,3,133.3,344.2,1,1,209.4,0,1.53,0,2,1,1
75,1,0,102.2,326.5,0,0,159.2,1,2.44,1,1,3,1
34,1,2,145.0,344.9,1,0,131.4,1,1.96,1,1,2,1
29,1,0,131.1,201.7,0,0,106.9,0,1.36,2,1,1,1
65,1,2,119.1,302.2,0,1,163.8,0,0,1,3,3,1
55,1,2,139.6,240.6,1,0,157.6,1,0,1,0,3,1
35,1,2,128.4,265.8,0,2,174.0,0,3.2,0,0,2,1
44,0,2,122.9,265.0,1,0,142.5,1,1.08,2,0,2,1
47,1,2,133.3,318.7,0,1,187.7,1,0.71,2,2,3,1
62,1,0,112.3,339.5,1,2,169.4,1,2.09,1,0,3,1
56,0,0,135.6,141.4,0,2,128.6,0,0.4,1,1,1,0
68,1,1,143.3,268.0,1,0,163.6,1,0.77,1,3,2,1
31,1,0,130.1,248.2,1,2,149.0,0,2.78,0,2,3,1
30,1,3,176.2,194.9,0,0,166.5,1,0.32,0,2,2,1
73,0,1,133.9,311.6,0,1,73.4,1,1.79,2,3,1,1
48,1,2,108.6,279.5,0,0,130.4,0,1.23,1,3,1,1
71,1,3,115.7,249.8,0,0,155.0,1,1.03,0,3,3,1
77,1,1,130.9,209.5,0,1,168.2,1,1.38,0,1,3,1
58,0,0,179.5,243.2,1,0,161.3,0,1.66,2,1,3,1
30,1,0,103.4,242.7,1,2,201.1,1,0.7,0,1,2,0
36,0,3,156.2,274.3,1,1,150.8,1,1.01,2,3,2,1
31,1,0,115.7,220.1,0,0,169.5,1,1.0,2,1,1,1
51,1,0,149.6,207.4,0,0,111.9,1,0.59,2,1,3,1
72,1,0,139.8,253.8,1,2,112.2,1,0.67,2,1,3,1
40,0,0,128.0,290.1,0,1,128.9,0,0,2,0,3,1
56,1,1,155.6,250.0,0,1,165.8,0,2.37,1,0,3,1
36,0,0,163.7,217.6,1,2,146.0,0,0.51,0,0,2,1
44,1,1,113.5,191.6,0,1,94.7,1,3.82,1,3,3,1
69,1,3,146.3,286.6,0,0,141.8,1,0.65,1,2,1,1
58,0,3,121.2,281.5,1,0,154.8,1,0.35,2,0,2,1
66,0,1,144.3,237.5,1,1,147.5,1,1.09,0,1,1,1
36,0,0,134.6,181.0,0,1,174.0,0,1.0,0,2,3,1
77,0,1,120.1,287.7,0,1,154.3,0,0.66,1,2,2,1
56,0,3,119.2,260.6,1,0,167.5,1,0,0,2,3,1
48,0,3,93.5,253.5,0,0,196.4,1,2.49,2,2,1,1
55,0,0,153.0,294.2,1,0,147.2,1,2.96,1,0,2,1
52,1,3,105.7,232.6,0,2,129.8,0,0,2,3,2,1
68,1,3,125.6,283.0,1,0,154.1,1,0.83,1,0,1,1
46,1,2,143.2,244.7,0,1,115.3,1,1.99,1,3,1,1
34,1,3,126.1,292.7,0,1,158.6,0,1.02,0,1,3,1
71,1,0,133.7,285.9,1,0,121.0,1,1.55,1,1,2,1
47,1,1,129.0,325.0,0,0,143.5,0,0.27,2,2,3,1
31,0,0,149.1,368.6,0,0,114.6,0,0.39,2,1,2,0
68,1,2,154.8,184.1,1,2,139.8,1,0.5,1,0,1,1
64,1,3,96.4,165.8,1,1,171.4,1,3.22,2,0,2,1
58,0,3,132.8,198.2,1,0,118.7,0,2.02,0,1,2,1
57,1,1,97.9,248.4,1,1,105.5,0,1.02,2,3,1,1
32,0,0,109.4,173.7,1,1,126.8,0,0.95,2,1,2,0
50,1,0,126.1,208.4,1,2,127.9,1,1.58,0,0,3,1
65,1,1,152.4,223.6,1,2,145.1,1,2.14,2,1,3,1
69,1,0,136.6,294.8,0,1,146.6,1,0.6,0,1,2,1
49,1,0,143.1,207.9,0,0,148.7,0,0,2,3,1,1
73,0,1,128.0,299.8,1,1,158.6,0,0,2,2,3,1
60,1,1,140.9,226.0,0,2,174.5,0,0.42,1,1,2,1
70,1,0,172.2,296.6,0,0,132.0,0,0.72,1,1,1,1
77,0,0,133.7,255.8,0,0,152.9,0,0.25,1,3,2,1
52,0,1,156.2,208.1,0,2,159.1,0,0.75,2,1,3,1
54,0,3,114.3,335.1,1,1,152.0,0,0,2,1,3,1
68,0,3,87.2,210.7,1,1,115.5,0,0.46,2,3,2,1
33,1,3,107.1,223.1,1,2,104.2,1,0,1,2,2,1
45,1,3,131.1,187.7,0,1,190.7,1,3.12,0,1,3,1
69,0,0,114.5,256.7,0,1,173.5,0,0,1,2,3,1
73,1,3,120.6,283.5,1,1,142.1,0,2.17,0,1,1,1
54,1,3,135.4,213.1,1,2,144.0,0,0.29,1,3,2,1
64,1,0,147.8,201.5,1,1,138.6,1,0,2,3,1,1
34,1,3,137.4,271.7,1,2,105.3,1,1.44,1,2,1,1
77,0,3,146.3,268.8,0,1,195.2,1,1.37,0,3,1,1
36,1,3,110.5,262.1,0,0,176.9,0,0,1,2,1,1
77,0,0,153.2,157.2,1,1,212.4,1,2.16,0,0,1,1
30,1,2,174.2,265.9,1,1,132.1,0,0.12,1,3,1,1
65,1,2,174.9,270.8,1,1,127.4,1,2.08,2,0,3,1
47,1,0,128.1,213.5,1,1,148.6,1,0.54,1,2,1,1
57,1,3,107.8,284.2,0,0,147.1,0,0.53,2,3,2,1
67,0,1,136.4,312.7,0,2,136.6,0,0,2,1,3,1
54,1,2,166.4,250.4,0,1,136.8,1,1.44,0,2,2,1
69,0,0,134.6,222.0,0,2,156.5,0,0.47,0,1,2,1
71,0,2,141.5,219.3,0,2,155.1,0,0,0,0,1,1
50,1,3,93.3,211.9,1,1,166.9,1,0,1,3,2,1
35,1,3,128.6,145.8,0,2,133.0,1,0.72,1,1,2,1
37,0,1,143.8,305.4,0,0,150.2,1,1.88,2,3,1,1
50,0,3,115.8,303.5,0,1,156.4,0,0.79,0,0,3,1
47,1,2,121.5,264.9,1,2,156.6,1,2.39,0,0,2,1
29,1,1,142.2,288.0,1,2,115.5,0,1.65,1,1,1,1
60,1,2,144.5,306.3,0,1,139.9,0,1.63,2,3,2,1
76,0,0,106.9,226.5,0,1,157.4,0,0,1,0,3,0
43,1,0,128.0,169.8,1,1,176.3,0,1.77,1,2,1,1
63,0,3,131.3,249.3,0,2,168.1,1,0,2,3,3,1
34,1,2,115.9,348.3,0,2,127.3,1,0,2,1,1,1
67,0,3,99.4,258.5,1,1,159.2,1,3.53,1,0,2,1
62,1,0,123.5,145.0,1,0,154.0,1,1.67,0,3,1,1
48,0,2,140.2,328.2,1,1,164.5,1,2.3,2,2,1,1
60,1,0,144.6,293.1,1,1,163.8,0,1.3,0,1,2,1
65,1,2,120.9,250.7,0,2,140.8,1,2.31,1,2,2,1
74,0,2,145.0,266.6,1,2,146.5,0,1.18,2,0,1,1
67,0,0,129.7,280.7,1,0,171.9,0,1.63,1,0,2,1
45,1,0,121.5,310.1,1,0,143.3,0,1.58,0,2,3,1
42,1,1,138.9,170.8,0,0,138.2,1,0,1,1,3,1
56,0,0,149.5,225.7,1,2,127.0,1,1.89,1,3,3,1
39,1,0,140.1,234.9,0,2,188.7,1,1.44,1,1,2,1
71,0,2,154.0,214.6,1,1,185.7,1,1.37,2,1,1,1
48,1,2,162.1,246.4,1,2,177.7,1,0,0,1,3,1
32,1,2,148.7,224.7,1,1,160.8,1,1.52,2,0,1,1
35,1,2,150.1,298.5,1,2,174.9,0,0,0,0,3,1
43,1,3,137.4,263.9,1,0,176.4,0,0.19,0,1,1,1
51,0,1,106.9,172.7,1,0,139.0,1,0.53,1,2,2,1
62,1,3,139.0,197.9,0,0,137.4,1,2.63,1,0,2,1
36,1,1,162.4,229.1,1,2,125.1,1,0.44,2,2,2,1
60,0,3,146.6,187.2,0,2,154.7,1,0.32,0,2,1,1
34,1,2,146.8,225.1,0,1,157.1,0,1.9,2,2,2,1
48,0,1,132.9,243.9,0,0,140.9,1,1.27,1,2,1,1
37,0,0,105.4,224.2,1,2,136.5,0,3.23,0,2,2,1
67,0,2,119.4,231.0,1,1,181.5,0,0.35,0,1,3,1
42,1,3,155.2,131.0,1,0,165.0,0,0,1,0,2,1
41,1,3,113.0,265.0,0,2,174.4,1,1.02,0,1,3,1
51,0,3,131.8,289.2,0,1,185.5,0,0,2,1,3,1
46,1,0,117.7,227.2,1,2,148.5,0,3.3,0,0,2,1
51,0,1,113.4,308.0,1,2,163.2,1,0.92,2,0,1,1
64,1,0,136.7,237.5,1,2,144.8,1,1.85,1,3,1,1
77,1,0,126.5,190.0,1,2,120.8,0,0.72,2,2,3,1
61,0,1,132.1,366.4,0,2,140.4,0,0.36,2,2,2,1
32,1,3,160.8,276.7,1,1,129.3,1,0.01,1,1,3,1
38,0,3,141.0,208.6,1,2,175.1,0,0,0,3,1,1
34,1,3,105.1,230.4,1,0,144.9,1,1.54,2,2,1,1
32,0,3,132.6,214.6,0,0,130.8,1,1.82,2,2,3,1
52,1,3,123.5,210.7,1,1,143.2,1,0.61,2,0,2,1
69,0,2,126.6,290.2,1,1,130.3,1,1.21,1,1,3,1
36,0,1,118.7,260.9,1,0,97.2,1,0.85,2,0,3,1
32,1,0,123.5,218.1,0,1,140.0,1,0.35,0,2,1,1
65,1,3,138.1,215.5,0,1,167.0,0,0.02,2,1,3,1
33,0,3,119.0,285.1,1,1,124.2,1,2.64,1,1,1,1
76,1,3,124.2,286.7,1,0,153.7,1,1.85,2,3,2,1
56,0,1,125.3,250.9,0,0,155.9,0,0.32,1,2,3,1
43,0,2,153.1,212.6,1,1,168.9,0,2.15,2,0,3,1
52,0,0,139.4,277.4,1,1,149.8,0,1.86,1,3,2,1
55,1,0,126.0,204.9,0,0,166.6,0,0,2,3,3,1
68,1,3,134.0,264.3,1,1,90.4,0,0.55,1,3,1,1
70,1,0,123.9,317.0,1,2,168.3,0,0,0,1,1,1
40,0,0,159.1,342.6,0,2,165.4,0,2.24,2,1,2,1
43,1,2,103.0,193.4,0,1,142.7,0,1.46,1,2,1,1
57,0,2,156.3,352.2,0,1,180.7,1,1.48,1,2,3,1
75,1,0,132.4,313.4,1,1,136.5,0,2.11,1,1,3,1
49,0,1,142.1,337.0,0,1,178.5,0,0.68,0,3,3,1
72,0,2,112.5,302.3,0,2,88.5,0,2.22,2,2,3,1
67,1,2,119.5,250.9,0,1,93.4,0,0.79,0,3,2,1
33,1,1,118.2,166.3,1,2,151.8,0,1.36,2,3,2,1
54,0,0,137.2,314.6,0,1,136.2,0,0.62,0,0,3,0
49,1,2,132.5,258.0,0,0,117.2,1,0.58,1,2,2,1
41,1,0,132.8,353.4,0,1,197.4,0,3.05,0,0,2,1
50,0,2,153.0,259.4,0,2,150.8,1,0.15,0,0,3,1
75,0,1,125.8,190.8,1,1,128.6,0,0.59,2,2,3,1
47,1,3,117.2,158.9,1,0,148.5,0,0,0,3,3,1
56,0,3,133.0,301.9,0,2,193.2,1,2.82,1,3,3,1
72,0,3,149.3,246.7,1,0,160.4,0,0.88,2,2,1,1
40,0,3,149.8,263.7,0,1,120.5,1,0.37,0,1,3,1
61,1,0,101.7,216.2,0,2,171.1,1,3.19,0,2,2,1
70,1,2,133.7,311.3,0,0,165.1,1,0.93,2,2,3,1
35,1,2,134.0,262.9,1,1,147.9,0,0,1,1,3,1
77,1,2,128.8,135.0,1,0,121.3,0,2.1,2,3,3,1
65,0,0,130.5,320.5,1,0,203.7,0,0,0,1,2,1
36,1,0,165.6,244.8,1,2,173.5,1,2.14,1,2,1,1
73,0,0,155.8,307.9,1,0,142.7,1,0.27,0,0,2,1
58,0,3,135.8,309.1,1,2,145.1,0,0.67,0,2,3,1
61,1,3,139.4,281.0,0,1,143.2,0,0.13,1,1,3,1
53,0,2,114.1,177.8,1,0,116.5,0,4.02,1,2,1,1
50,0,0,138.2,325.2,1,1,191.0,0,0,2,3,2,1
69,1,0,131.3,227.6,1,1,158.9,0,0,1,2,3,1
76,0,2,134.0,178.1,1,0,151.1,0,0,0,0,2,1
50,0,1,115.5,262.2,1,1,185.5,1,0.65,0,0,2,0
67,0,3,109.5,211.3,1,1,175.0,0,0,1,1,3,1
37,1,3,108.0,233.2,1,0,158.5,0,1.6,0,2,3,1
69,1,2,111.4,284.1,1,0,108.4,1,2.35,1,1,3,1
73,0,3,131.3,277.0,1,1,166.5,1,0,1,3,2,1
46,1,3,114.3,236.0,1,0,149.1,0,0.4,2,3,2,1
43,0,3,116.3,142.8,1,2,150.4,0,2.34,0,2,2,1
54,0,3,175.8,317.9,0,0,125.9,0,0.75,0,3,3,1
37,1,0,133.2,246.0,0,2,174.1,1,1.87,2,3,1,1
35,1,2,113.4,262.0,1,0,142.4,1,1.79,2,1,1,1
71,1,3,155.7,286.2,0,1,159.2,0,1.44,0,1,2,1
33,0,0,134.7,321.0,0,0,131.3,0,0,1,0,2,0
55,1,0,119.1,233.1,1,0,163.7,0,0,2,0,3,0
76,1,1,143.9,282.6,0,1,147.7,0,2.36,0,2,2,1
39,1,1,130.6,340.1,0,1,150.4,0,0.29,1,0,3,1
70,1,1,118.1,232.2,0,1,151.9,1,0.8,2,2,1,1
30,1,2,127.7,203.0,0,1,154.1,1,1.11,0,3,1,1
44,1,1,132.9,246.9,1,2,117.3,1,1.55,0,2,3,1
38,0,2,128.0,220.0,0,1,162.1,0,0,2,1,1,0
59,0,2,128.4,214.6,0,2,137.0,0,3.59,2,1,2,1
66,1,2,123.8,304.7,1,2,125.5,0,2.86,1,0,3,1
63,1,2,147.6,241.6,0,1,143.4,0,2.8,0,0,1,1
38,1,1,170.3,228.7,0,2,166.6,0,0.39,1,3,3,1
75,0,1,127.2,289.6,0,0,141.6,1,0.42,0,2,3,1
75,1,0,130.1,260.5,1,2,175.9,0,2.2,0,2,1,1
34,0,0,118.7,203.8,0,2,186.6,0,0,2,1,3,0
71,1,3,181.3,328.1,1,2,162.4,1,1.59,2,0,3,1
64,0,3,117.7,329.3,1,2,151.6,1,1.66,0,2,3,1
39,1,3,126.2,236.9,0,2,102.1,1,0.61,1,1,3,1
44,1,0,120.2,224.4,1,1,136.9,1,1.07,1,0,1,1
62,1,0,115.8,202.0,0,0,189.2,1,2.3,1,3,1,1
59,0,2,159.2,241.2,1,0,163.9,1,2.0,2,3,1,1
33,1,0,140.0,192.5,0,2,146.6,0,1.48,1,2,3,1
36,1,1,182.0,277.0,0,0,175.2,1,1.27,1,1,1,1
46,0,0,125.1,141.8,1,1,159.1,0,0.74,1,2,2,0
62,1,3,120.1,225.9,0,2,80.2,1,2.24,1,3,3,1
72,1,3,154.0,283.2,0,2,148.9,0,0.42,0,1,2,1
31,1,3,143.1,297.7,1,0,133.3,1,0.53,0,1,2,1
61,1,1,116.6,243.4,0,1,150.3,1,0.97,0,3,3,1
59,1,0,143.1,306.0,0,0,121.8,1,0,0,3,3,1
69,0,0,157.6,236.2,1,2,137.5,0,2.53,1,2,2,1
49,0,0,148.0,255.2,1,2,180.3,1,0,1,0,2,1
35,0,3,150.8,172.8,1,2,131.4,0,0,0,0,1,0
48,1,3,137.6,279.1,1,1,135.5,1,0.14,1,0,3,1
36,1,2,158.0,339.3,0,1,180.8,0,0,1,0,2,1
53,1,1,114.8,202.2,0,1,173.0,1,0.12,2,0,3,1
53,0,0,115.7,205.5,0,2,144.3,1,1.63,0,3,3,1
74,1,0,122.4,251.2,0,2,148.9,0,1.4,2,2,2,1
63,1,1,153.4,290.8,1,2,166.3,1,0,0,3,1,1
50,0,2,143.4,318.3,1,0,177.0,0,3.75,2,3,1,1
75,1,2,152.8,204.4,0,1,116.0,1,0.1,0,1,1,1
39,1,3,104.2,209.9,0,2,148.2,0,0.61,2,2,1,0
67,0,3,144.9,334.5,1,2,155.0,1,0.87,0,3,1,1
36,0,3,132.8,244.6,1,0,169.6,1,0.59,0,2,1,1
34,0,2,161.9,237.6,1,1,142.5,0,0,1,3,2,1
53,1,3,132.0,217.6,1,2,98.5,1,3.62,1,3,1,1
71,0,0,118.7,199.7,0,1,153.3,1,0,1,3,2,1
72,1,1,118.1,303.7,0,2,118.9,1,1.42,2,2,2,1
60,1,3,140.9,220.9,0,1,130.4,0,0,1,0,3,1
72,1,2,133.5,269.9,1,2,185.4,1,0,0,2,1,1
42,1,3,128.8,216.1,0,2,168.4,1,0,1,2,1,1
32,1,3,183.2,280.6,0,2,120.8,0,0,0,1,2,1
64,0,1,148.5,309.2,1,2,154.8,0,1.19,1,0,2,1
59,0,2,127.1,203.3,1,1,127.6,1,0.33,1,0,1,1
46,1,2,146.3,282.4,0,2,151.1,0,1.2,2,2,3,1
74,0,1,120.0,248.1,0,0,151.1,0,0.79,1,3,3,1
54,1,1,132.0,299.1,0,1,150.3,0,0.34,0,2,3,1
70,0,1,102.4,209.3,0,1,140.5,1,0,1,2,2,1
75,1,3,141.4,151.9,1,2,153.1,0,0.55,0,0,3,1
47,1,1,112.5,247.6,1,2,163.6,1,0,2,3,3,1
34,0,1,146.9,209.9,1,0,127.0,1,0.26,1,0,2,0
68,1,0,144.3,189.4,1,2,130.2,0,0,0,3,3,1
39,0,3,120.0,179.3,1,2,147.5,0,0.78,0,1,2,1
57,0,1,115.8,221.2,0,0,161.3,1,0,1,2,2,1
35,1,1,167.8,248.0,1,1,131.1,0,1.36,2,2,1,1
71,1,0,130.6,213.8,0,0,164.9,1,2.74,1,0,2,1
73,1,1,124.9,252.5,0,0,170.1,1,1.56,1,3,3,1
54,0,3,119.1,266.8,0,1,131.6,0,0.72,2,2,1,1
40,0,3,121.8,145.0,1,0,173.3,0,0.88,2,0,2,0
77,1,2,135.3,151.1,0,2,139.1,1,0.44,2,0,1,1
51,0,0,104.2,229.0,0,2,140.8,1,0.41,1,0,1,1
51,0,1,111.5,292.2,0,0,153.2,0,1.59,1,1,1,1
53,0,2,136.8,240.6,1,2,183.7,1,1.87,1,1,3,1
45,1,1,138.8,255.5,1,0,135.8,0,1.97,1,1,1,1
42,1,1,159.4,195.3,1,2,139.9,0,0,0,0,2,1
49,0,3,108.9,266.6,0,2,137.1,0,0,2,2,3,1
32,1,1,129.1,305.1,0,0,149.5,1,2.39,1,1,2,1
40,0,2,117.2,299.6,0,0,130.3,1,2.07,0,2,3,1
68,1,1,149.9,236.6,0,2,124.4,0,2.01,0,2,1,1
31,0,1,122.9,191.9,1,2,154.3,0,0.57,2,1,3,0
53,0,2,102.9,278.0,1,0,142.3,1,1.26,0,3,2,1
66,1,1,135.0,210.0,1,1,170.7,1,0,0,3,2,1
46,0,1,147.9,266.1,1,0,150.2,1,1.39,2,2,3,1
50,0,1,125.4,154.3,1,0,151.7,1,2.4,2,1,1,1
44,1,1,161.7,212.6,0,0,135.6,0,3.01,2,3,2,1
33,0,2,137.1,197.0,0,0,145.6,0,1.9,2,2,1,1
68,0,1,126.5,306.5,0,1,159.1,0,0,1,3,1,1
55,1,2,123.3,344.1,1,1,101.0,0,0,2,2,3,1
66,0,0,144.8,257.4,1,2,148.5,0,1.91,0,0,3,1
36,0,3,145.6,136.8,1,2,135.0,1,1.3,1,0,2,1
53,1,3,131.3,215.1,0,1,146.0,0,1.09,1,0,2,1
