age,bp,sg,al,su,rbc,pc,pcc,ba,bgr,bu,sc,sod,pot,hemo,pcv,wc,rc,htn,dm,cad,appet,pe,ane,classification
54,50,1.005,1,3,0,1,0,0,138.2,61.0,1.61,143.3,4.8,16.3,39.2,6528.0,6.06,1,1,0,1,1,0,1
14,84.9,1.015,2,0,1,0,1,1,194.9,82.8,1.73,141.9,3.97,8.2,59.6,9371.0,3.99,1,1,1,1,0,0,1
63,50,1.015,4,5,0,1,0,0,172.5,58.2,1.7,138.3,2.85,4.7,33.1,7172.0,5.78,0,1,1,0,0,0,1
88,79.8,1.025,3,0,0,0,0,1,163.9,50.1,2.65,141.9,4.42,15.2,33.1,4443.0,5.53,1,1,0,1,1,0,1
38,59.8,1.015,4,3,0,1,1,0,150.8,111.9,0.89,145.7,4.39,9.3,25.7,11723.0,6.63,0,1,1,0,0,0,1
36,77.1,1.02,5,1,1,1,0,0,190.6,39.8,3.88,151.6,4.38,11.8,57.7,8134.0,3.23,1,1,1,0,0,0,1
90,121.3,1.015,2,0,0,0,0,0,285.7,41.6,1.37,146.2,4.56,17.4,45.2,6669.0,5.7,0,0,1,1,1,0,0
26,82.9,1.005,1,0,0,0,0,1,135.2,26.7,0.66,143.4,2.23,9.2,35.8,11279.0,5.1,0,1,0,1,1,1,1
62,76.6,1.025,3,3,1,1,1,0,189.1,67.4,0.58,143.3,5.43,8.9,41.4,8267.0,5.39,0,1,1,1,0,1,1
14,72.5,1.005,1,4,1,0,0,0,125.4,26.6,0.9,122.2,3.5,15.0,50.7,8092.0,4.43,1,0,1,0,0,1,1
8,87.3,1.02,0,1,1,1,0,0,141.2,20.1,1.28,140.6,3.94,16.7,41.6,4464.0,3.99,1,0,1,1,0,1,0
4,80.5,1.025,5,0,0,0,1,0,60.4,115.9,0.4,131.5,6.04,9.3,36.2,7799.0,2,0,0,1,1,1,0,1
70,64.6,1.02,5,4,0,1,0,1,205.8,118.5,1.66,136.9,4.08,12.5,45.2,6084.0,4.34,1,1,0,1,1,1,1
77,61.5,1.015,1,0,1,1,0,1,119.8,117.9,1.11,148.5,4.73,11.0,22.2,4089.0,3.89,0,1,0,1,0,0,1
70,127.7,1.025,4,1,0,0,1,1,219.8,36.7,1.22,143.7,3.63,15.3,35.3,6040.0,6.07,1,1,0,0,0,1,1
72,75.5,1.02,2,5,0,0,0,1,76.0,60.4,0.4,144.9,3.99,12.5,31.2,9823.0,4.95,1,1,0,1,0,0,1
24,56.6,1.015,3,4,0,1,0,1,227.6,81.1,1.16,146.7,3.79,9.7,43.1,8080.0,6.31,1,1,0,0,1,1,1
75,99.1,1.01,4,3,1,0,1,0,96.9,120.6,0.4,129.9,3.14,7.4,53.0,11087.0,6.95,0,0,0,0,0,0,1
34,66.6,1.005,5,1,0,0,1,0,112.6,76.8,1.64,127.7,5.08,18.4,31.5,8524.0,6.39,0,1,0,0,1,0,1
55,54.6,1.015,5,3,1,0,1,0,127.8,75.2,3.1,151.7,3.93,10.8,28.2,6921.0,7.74,1,1,1,0,1,0,1
13,94.5,1.01,0,4,0,0,0,1,58.6,119.8,2.41,137.3,3.87,15.0,42.4,7411.0,4.37,1,1,0,0,0,1,1
10,54.3,1.01,0,5,1,1,0,0,163.1,71.3,2.09,130.7,4.37,12.7,38.7,9475.0,7.32,0,1,1,1,0,0,1
23,66.2,1.005,5,2,0,1,0,1,226.7,103.5,0.6,147.2,5.18,12.9,40.3,7423.0,6.38,1,1,1,1,1,1,1
68,115.5,1.02,0,3,0,1,1,1,147.3,10,0.45,142.2,3.87,9.9,50.6,4782.0,5.97,0,0,0,0,0,1,0
83,62.9,1.005,4,4,1,1,1,0,50,96.8,0.71,140.5,4.14,11.6,29.5,8700.0,4.23,1,0,1,1,0,0,1
38,72.5,1.02,4,4,1,1,0,0,183.0,80.3,0.4,148.2,4.17,11.5,25.0,8951.0,6.65,0,0,1,0,1,0,1
30,74.7,1.025,5,5,0,1,1,1,155.9,87.0,3.08,145.2,3.99,11.9,35.7,8714.0,5.0,1,0,1,1,0,0,1
44,87.3,1.015,5,4,0,0,0,1,149.7,72.8,0.4,122.0,4.09,15.1,49.1,13097.0,4.2,0,0,0,1,0,1,0
73,73.2,1.015,4,4,0,0,1,0,167.6,37.5,0.6,143.5,3.61,11.9,30.3,4061.0,4.61,0,1,1,0,1,0,1
4,59.5,1.02,3,4,0,1,1,0,163.2,10,2.15,129.1,2.46,9.2,38.4,9184.0,4.04,0,1,0,1,0,1,1
74,56.4,1.025,2,2,0,1,1,0,190.1,82.4,0.4,147.3,4.69,13.4,40.1,9024.0,7.55,1,0,1,0,0,0,1
12,71.5,1.025,4,3,1,0,0,0,93.7,26.5,0.4,133.6,4.01,13.5,44.1,9063.0,5.5,1,0,1,1,1,0,0
15,94.7,1.015,4,0,1,0,1,0,132.0,62.0,0.98,146.7,3.38,15.3,38.9,7531.0,3.8,1,0,0,1,0,1,1
47,66.9,1.01,2,5,0,1,1,0,185.3,62.8,3.15,138.0,3.89,13.3,45.7,8536.0,4.52,0,0,0,0,1,1,1
12,99.8,1.02,0,5,1,1,0,0,62.0,54.6,1.78,141.5,2.54,9.8,42.3,4350.0,4.05,0,0,0,1,1,0,1
87,117.6,1.025,4,5,0,1,0,0,215.8,10,2.13,148.8,4.4,16.1,45.0,4128.0,3.71,0,0,1,1,0,0,1
4,101.0,1.015,5,2,1,0,1,0,126.5,17.1,0.4,140.5,4.21,13.9,57.1,4881.0,4.57,0,0,1,1,1,0,1
83,107.0,1.015,1,0,1,0,0,0,152.8,42.8,1.75,142.2,4.45,12.0,25.9,5531.0,3.91,1,0,0,0,0,1,1
40,90.5,1.025,2,0,1,0,1,1,111.2,48.6,2.41,122.2,3.61,11.2,33.1,6987.0,3.58,1,0,1,0,1,1,1
43,66.9,1.025,4,4,1,1,1,1,167.6,134.3,1.53,128.1,2.71,13.9,49.6,7663.0,7.0,0,0,1,1,1,1,1
9,87.1,1.005,4,2,0,0,0,1,89.4,68.4,0.4,124.8,4.57,14.4,49.5,6755.0,7.81,1,0,0,1,1,1,1
71,90.4,1.025,4,1,0,1,1,0,212.4,43.4,1.03,134.8,4.06,12.6,44.4,9181.0,3.4,1,0,1,1,1,1,1
31,85.1,1.015,0,1,1,1,0,0,138.9,52.9,2.99,136.6,1.83,12.8,42.7,9910.0,2.01,0,1,1,0,0,0,1
56,97.8,1.015,3,5,0,1,1,1,161.3,78.9,1.84,119.5,2.97,14.0,26.6,6470.0,4.53,1,1,1,1,0,0,1
40,104.7,1.02,1,4,1,0,1,0,129.8,85.0,3.47,133.8,4.88,14.8,31.7,5529.0,4.86,1,1,1,0,0,0,1
57,90.0,1.015,2,4,1,1,1,1,146.3,61.2,1.57,137.5,3.61,14.0,38.6,6700.0,5.94,0,1,0,1,0,1,1
76,64.0,1.02,0,3,1,1,1,1,198.6,136.1,3.82,135.5,3.29,11.7,46.9,8831.0,5.96,1,0,0,1,0,0,1
52,117.4,1.025,2,1,1,1,0,0,175.1,89.8,0.66,111.4,5.38,12.3,45.3,5861.0,3.71,0,0,0,0,1,1,1
85,81.8,1.005,1,0,1,1,0,0,210.3,10,1.56,142.0,2.75,10.9,39.0,12467.0,5.45,0,0,1,1,0,1,1
24,73.0,1.01,0,3,1,0,0,1,82.1,94.4,2.17,135.0,3.86,12.8,36.5,8795.0,7.31,1,1,1,1,0,0,1
72,100.9,1.02,1,2,1,1,0,1,154.2,10,2.64,142.7,3.03,14.8,31.0,6781.0,6.79,1,1,0,0,0,1,1
55,132.5,1.02,2,4,0,0,0,1,232.4,82.2,1.5,136.7,5.12,13.7,37.1,6986.0,3.48,1,0,1,1,1,1,1
28,77.9,1.02,4,0,1,0,1,0,111.7,10,0.7,142.2,3.88,14.6,42.5,5280.0,4.69,1,0,0,1,0,0,0
9,84.6,1.015,3,4,1,1,0,0,126.9,61.5,1.31,137.4,3.17,7.5,48.1,5517.0,4.94,0,1,1,1,0,1,1
30,74.0,1.01,3,5,1,0,1,1,96.3,93.2,2.79,145.6,4.89,12.1,34.5,8113.0,2.92,1,0,1,1,1,0,1
21,95.3,1.005,3,0,1,0,1,1,150.8,107.8,0.94,138.3,5.28,10.0,35.0,6046.0,5.59,0,0,0,0,0,0,1
23,69.5,1.02,0,2,1,1,0,0,129.8,114.4,0.93,125.9,3.85,14.0,37.7,7114.0,5.89,1,0,0,0,1,1,1
22,95.4,1.005,4,3,0,0,1,1,105.3,10,3.78,145.2,4.43,14.7,43.8,13803.0,4.04,0,0,0,0,1,0,1
16,101.7,1.015,3,4,0,1,1,1,80.0,75.2,0.7,149.0,5.14,12.3,45.1,8995.0,2.69,1,1,0,0,0,1,1
42,76.5,1.01,4,1,0,0,0,1,187.1,24.2,1.22,132.6,4.42,17.2,32.0,7475.0,5.86,0,0,1,1,1,1,1
21,50,1.02,0,2,1,0,0,0,91.9,12.6,2.9,144.5,5.01,14.3,38.0,9339.0,4.83,0,0,1,1,1,0,1
8,86.3,1.01,0,1,1,1,1,1,231.2,19.0,0.4,145.1,2.96,13.2,46.4,5835.0,6.65,0,1,1,0,0,0,0
77,84.6,1.02,4,0,0,1,1,1,192.4,82.5,1.13,138.5,3.49,12.7,51.9,5695.0,3.57,1,0,1,0,1,1,1
8,60.9,1.01,2,0,0,1,0,0,104.4,63.5,2.19,137.8,5.22,10.9,39.4,10772.0,7.15,0,0,1,1,0,0,1
83,55.5,1.015,2,1,1,1,1,0,190.5,98.9,1.04,125.9,4.0,10.7,48.4,9953.0,4.47,0,1,0,0,0,0,1
29,73.0,1.01,1,2,0,1,1,0,64.7,41.7,1.16,126.7,4.06,8.6,49.9,8001.0,5.85,1,0,1,1,1,1,1
75,78.9,1.01,5,1,0,1,1,1,85.6,59.1,0.4,136.9,4.44,15.4,37.7,7821.0,4.38,0,1,0,1,1,1,1
46,94.8,1.005,0,2,0,1,0,0,80.6,10,0.51,144.8,4.49,11.5,40.3,5126.0,6.27,1,0,0,0,1,0,0
26,132.6,1.02,3,3,1,1,0,0,162.9,55.3,2.08,153.4,4.1,14.7,46.6,8389.0,2.39,1,1,0,1,0,1,1
56,99.7,1.015,4,5,0,0,0,1,138.4,94.6,2.65,125.4,3.52,12.8,47.1,9431.0,5.85,0,0,0,0,1,0,1
20,62.7,1.01,2,3,1,0,0,1,115.4,10,1.51,141.8,4.05,10.1,47.8,3750.0,5.02,0,1,1,0,0,0,1
82,77.2,1.02,3,2,1,1,1,0,189.8,64.8,0.4,138.6,4.43,12.2,44.4,9189.0,4.2,1,1,1,0,1,0,0
43,147.2,1.015,5,2,1,1,0,0,91.5,21.0,1.48,134.2,3.52,10.0,40.6,9062.0,8.35,0,1,1,1,1,0,1
9,127.4,1.025,5,3,1,1,0,0,115.9,114.2,0.52,128.1,4.87,11.1,39.1,8024.0,7.5,0,1,0,0,1,0,1
82,96.3,1.01,2,4,0,1,0,0,124.7,17.9,0.4,142.4,2.98,13.0,32.2,7456.0,7.21,0,1,0,1,0,0,0
8,56.6,1.02,5,1,0,1,1,0,176.9,102.0,1.95,136.2,3.87,11.5,33.3,7429.0,3.94,0,0,0,0,0,1,1
70,59.2,1.01,0,1,0,1,1,1,50,36.0,0.4,135.3,5.95,9.1,43.5,6156.0,3.71,1,1,0,0,0,1,1
32,78.3,1.005,0,4,0,1,1,1,196.8,57.4,1.09,138.4,4.19,11.6,32.5,7021.0,5.73,1,0,0,0,1,0,1
39,89.3,1.005,4,1,0,0,1,0,128.0,10,1.06,146.7,3.38,10.3,36.2,3443.0,3.74,0,0,1,0,0,0,1
14,73.8,1.025,3,1,1,1,0,1,151.7,23.9,1.25,123.3,4.59,15.5,32.6,11305.0,3.89,0,1,0,0,0,0,1
59,97.4,1.01,0,4,0,0,1,1,113.2,35.2,1.96,139.5,4.28,11.4,49.2,6001.0,6.3,0,1,0,1,0,1,1
16,105.3,1.015,3,0,0,1,0,1,189.6,160.7,2.32,140.5,3.77,8.6,38.3,6827.0,2.12,1,0,0,1,0,1,1
22,91.3,1.005,0,0,1,1,1,0,190.1,56.1,2.02,140.9,4.29,14.1,43.8,6300.0,2.8,1,0,0,0,0,0,1
39,92.1,1.01,0,5,0,0,0,1,78.1,88.5,0.4,127.5,3.2,12.5,37.3,7785.0,3.96,0,1,0,0,0,0,1
71,72.5,1.015,4,2,0,0,0,1,170.9,47.4,2.36,131.6,5.52,9.8,39.7,8047.0,4.78,1,1,0,0,1,0,1
52,72.1,1.025,1,2,0,1,0,1,170.7,92.1,0.9,140.5,5.05,11.9,47.9,7257.0,4.18,0,1,0,0,1,0,1
6,87.9,1.015,5,1,0,0,1,0,97.1,65.6,0.4,131.6,4.96,16.2,40.1,6671.0,5.49,1,0,0,1,0,0,0
30,90.9,1.015,5,4,1,0,1,0,216.5,43.8,1.48,144.2,3.79,9.6,29.7,8408.0,2.04,0,1,0,1,1,0,1
39,50,1.015,5,2,1,1,0,1,128.9,58.7,0.63,134.5,4.56,12.3,32.3,6687.0,7.07,1,0,0,1,1,1,1
18,50,1.01,5,0,1,0,0,0,219.1,39.4,0.4,145.9,3.01,14.7,42.8,9451.0,5.82,0,0,1,1,0,1,1
30,104.6,1.01,1,3,0,1,0,0,157.1,68.0,4.04,144.7,4.23,15.3,40.3,3844.0,5.6,0,1,0,1,1,0,1
13,50,1.025,3,1,0,0,0,0,142.1,20.7,0.4,127.4,3.89,12.9,39.5,9502.0,2.82,1,1,1,0,0,0,0
7,104.7,1.005,0,4,0,0,1,0,50,12.7,3.35,123.3,3.3,10.9,56.1,3912.0,4.27,0,0,1,0,1,1,1
87,81.6,1.005,4,4,0,0,0,0,148.5,107.9,0.73,153.1,2.66,11.0,30.1,8333.0,8.32,1,1,1,0,1,0,1
10,68.2,1.025,0,0,1,1,0,0,148.0,32.7,3.21,131.7,3.25,13.5,55.2,11914.0,7.91,0,1,1,0,1,1,1
54,65.5,1.025,1,0,1,1,0,0,105.1,49.1,1.99,141.9,3.19,11.6,42.4,6268.0,4.81,0,0,1,1,1,1,1
59,71.3,1.025,0,4,1,1,0,0,146.7,44.1,2.43,134.7,4.73,12.7,39.3,9532.0,5.59,1,0,0,0,0,0,1
22,84.5,1.01,2,3,1,0,1,1,101.2,125.9,0.61,136.1,4.09,15.6,39.0,8199.0,5.66,0,0,0,0,1,0,1
33,79.5,1.005,1,2,0,0,0,1,167.2,92.7,0.4,129.8,3.81,10.2,35.7,8190.0,5.28,0,1,0,0,1,0,0
9,107.1,1.025,2,3,1,0,1,1,153.8,43.6,2.26,136.7,4.51,9.5,40.0,5094.0,4.95,1,0,0,1,0,1,1
83,88.0,1.015,5,5,1,1,1,0,88.1,60.9,0.4,135.5,3.92,11.5,36.1,9984.0,5.32,0,0,0,0,0,0,1
46,106.9,1.025,1,0,1,0,1,1,165.8,52.9,3.83,143.6,4.08,11.9,49.1,8801.0,3.95,0,0,1,1,0,1,1
34,60.8,1.015,3,3,0,0,1,1,142.4,10,0.4,152.6,2.0,11.2,60.2,4840.0,5.43,1,0,1,1,1,0,1
41,64.2,1.025,0,5,1,1,0,0,163.9,42.5,1.7,141.4,4.07,11.3,38.6,7561.0,2.76,0,0,0,1,0,0,1
88,76.9,1.005,1,4,0,1,0,0,209.8,26.5,0.4,134.5,5.09,13.0,44.1,7620.0,4.62,1,0,1,0,1,1,0
89,52.2,1.005,3,0,0,1,1,1,88.5,100.4,0.48,143.7,4.65,14.6,34.2,9594.0,4.5,0,0,1,1,0,0,1
52,71.8,1.025,4,0,0,0,1,1,164.5,49.9,3.74,144.5,2.97,16.7,45.9,12958.0,3.47,0,0,0,1,0,1,1
58,85.2,1.025,0,2,0,0,1,1,93.8,45.5,3.37,127.5,3.85,13.6,33.3,10854.0,6.74,1,1,1,0,0,1,1
18,114.6,1.02,0,1,0,0,1,0,151.4,34.8,1.14,135.1,3.93,5.9,47.6,9098.0,6.72,0,1,1,1,1,0,1
25,100.0,1.02,0,0,0,0,1,0,82.4,10,0.4,141.6,3.86,12.0,46.4,8882.0,4.94,1,1,1,0,1,1,0
14,65.6,1.005,1,1,0,0,1,1,81.6,17.7,2.11,139.0,4.66,9.0,34.5,8688.0,2.89,1,0,0,1,1,0,1
82,91.8,1.025,5,0,1,0,0,1,50,113.6,1.36,146.0,4.62,10.5,41.4,4677.0,4.09,0,0,0,0,1,1,1
7,94.9,1.015,4,3,0,0,0,0,156.5,90.6,0.4,138.1,3.71,16.5,36.8,7461.0,4.42,1,0,1,0,0,0,1
68,99.9,1.025,3,5,0,1,0,0,104.0,81.0,3.49,125.1,4.16,11.8,41.3,8622.0,3.48,0,1,0,1,1,0,1
46,80.3,1.02,1,5,0,0,1,0,151.2,39.5,0.4,122.1,4.9,8.7,35.2,7916.0,6.04,1,1,0,0,1,1,1
44,75.1,1.025,1,3,0,1,0,1,131.7,10,1.63,145.4,5.1,12.6,40.0,7697.0,3.71,1,1,1,0,1,1,1
76,69.2,1.025,1,4,0,1,1,1,179.5,34.1,1.98,152.9,5.2,21.5,28.6,11692.0,6.77,1,0,1,1,0,0,1
10,57.2,1.005,2,4,0,1,0,1,158.6,23.2,1.19,133.2,5.02,10.9,36.7,4268.0,6.91,1,0,1,0,1,0,1
61,95.7,1.005,0,2,1,0,1,0,147.6,24.7,2.53,154.8,3.17,12.0,24.6,7014.0,2.72,0,0,0,0,0,1,1
17,90.9,1.015,2,1,0,1,0,0,228.2,75.5,2.04,139.2,2.09,11.4,37.4,6534.0,3.78,1,0,1,0,0,0,1
62,75.9,1.02,0,3,1,1,0,0,192.3,10,0.4,151.5,3.79,13.5,26.4,9354.0,5.46,0,1,1,0,0,0,0
48,84.4,1.005,4,0,0,1,1,0,171.2,51.9,2.88,142.4,3.44,12.4,34.8,4969.0,5.41,1,0,1,0,1,1,1
78,112.0,1.025,3,4,1,0,1,1,108.9,81.2,1.04,130.8,5.83,9.7,34.5,8417.0,6.04,1,0,0,0,0,1,1
14,98.0,1.005,3,4,0,1,1,0,182.5,49.4,0.7,140.9,4.62,13.1,33.8,9894.0,4.58,0,1,0,0,0,0,1
4,55.4,1.01,3,2,0,0,0,1,134.5,142.2,2.61,136.4,4.67,11.6,31.9,8616.0,5.3,1,0,1,1,0,1,1
13,71.1,1.015,4,0,1,1,1,1,117.7,68.4,1.49,156.4,4.23,9.8,42.5,6757.0,5.82,0,1,1,0,1,1,1
64,72.0,1.01,1,1,0,0,1,1,119.5,15.5,2.56,123.2,4.78,15.9,26.5,9782.0,5.81,1,1,1,1,0,0,1
58,60.8,1.01,5,0,0,1,0,1,160.7,22.2,1.93,143.0,4.57,15.0,40.6,9577.0,2,0,1,1,0,0,1,1
43,87.8,1.02,1,0,0,1,1,1,216.8,48.4,1.51,139.7,3.6,16.4,47.9,8932.0,4.83,1,0,0,0,0,1,1
24,65.5,1.025,2,4,1,0,0,1,167.3,56.5,1.62,152.3,4.41,15.5,37.0,6390.0,2.31,1,1,0,0,1,0,1
57,83.8,1.025,5,1,1,1,1,1,181.7,44.9,4.19,130.4,4.91,12.8,39.7,10788.0,5.43,0,1,1,1,1,1,1
86,60.4,1.025,1,2,0,1,1,0,105.7,130.8,0.4,141.2,2.53,12.9,45.2,7624.0,5.86,0,0,1,1,1,0,0
76,93.9,1.005,1,5,1,0,1,0,96.4,61.4,2.82,133.3,5.53,17.5,49.4,6747.0,5.35,1,1,1,0,1,1,1
68,139.3,1.025,4,5,0,0,0,1,50,34.5,0.4,130.4,1.99,12.6,47.1,5812.0,6.68,0,0,0,0,1,1,1
29,92.9,1.01,3,2,0,1,0,0,139.2,10,2.16,145.6,3.9,10.7,51.1,9378.0,5.96,1,1,0,0,0,0,1
73,92.7,1.005,4,0,0,1,0,0,244.1,92.1,3.06,140.9,3.14,11.5,17.2,8587.0,6.07,0,0,1,0,1,1,1
55,75.9,1.025,5,4,0,0,0,1,150.8,66.6,0.45,149.2,4.79,13.5,44.2,7868.0,6.35,1,1,1,1,1,1,1
26,99.0,1.015,1,0,0,1,1,0,119.2,13.3,2.71,143.0,3.47,12.1,30.9,4922.0,5.03,0,1,1,0,0,1,1
68,79.5,1.01,1,2,1,0,1,0,203.2,10,2.85,133.3,3.24,14.7,45.4,6743.0,7.5,1,0,0,1,0,0,1
79,84.6,1.005,4,5,0,1,0,1,235.6,46.5,2.39,121.4,2.62,13.2,43.3,6935.0,4.6,0,0,0,0,0,1,1
33,70.2,1.025,1,4,0,1,1,1,73.8,72.9,2.39,150.9,3.09,11.3,28.4,10282.0,5.24,1,0,1,0,1,0,1
34,54.1,1.015,4,2,0,1,0,0,116.5,25.1,2.57,144.6,4.62,13.0,34.2,7950.0,4.0,0,0,1,0,1,0,1
40,129.8,1.025,2,1,0,0,0,0,144.3,140.3,0.78,135.2,3.67,14.1,51.9,8606.0,3.13,1,0,1,0,1,1,1
49,73.7,1.005,1,1,1,1,0,0,147.3,117.4,0.49,143.4,5.71,7.6,53.3,8643.0,3.07,0,1,1,0,0,0,1
32,77.1,1.005,0,0,0,0,0,1,179.0,32.2,0.57,135.1,5.02,13.9,41.7,9942.0,2,1,0,0,0,1,0,0
48,57.8,1.02,3,4,1,1,0,1,125.7,97.4,2.33,148.6,3.51,7.0,49.6,7803.0,5.38,0,0,0,1,0,0,1
86,74.4,1.025,3,2,0,1,0,1,50,10,0.4,135.5,5.28,13.2,47.0,5339.0,3.73,0,0,0,1,1,1,0
88,51.4,1.01,0,5,0,0,1,1,158.8,10,1.23,123.0,4.25,13.7,26.7,8661.0,6.11,1,0,0,0,1,0,1
65,100.1,1.005,2,0,1,1,0,1,80.9,84.2,2.77,141.7,3.26,13.7,44.7,8828.0,5.58,1,0,1,1,0,0,1
63,87.7,1.025,0,2,1,1,0,1,171.4,53.2,2.92,138.9,4.34,14.1,52.5,8741.0,4.73,1,1,1,1,0,1,1
75,50,1.025,3,3,1,1,0,0,74.0,87.4,2.21,144.3,4.82,13.2,48.9,8971.0,5.59,0,1,1,1,1,1,1
24,50,1.025,1,2,1,1,0,0,204.3,66.8,3.49,129.3,3.05,10.0,48.8,8266.0,5.77,1,1,1,1,0,1,1
37,87.7,1.025,4,4,0,0,1,1,260.7,16.1,2.25,141.5,2.4,10.6,38.2,9481.0,5.05,1,0,1,0,0,1,1
40,71.5,1.005,4,2,1,1,0,0,176.2,117.1,0.4,146.8,3.18,11.1,31.0,7118.0,3.59,0,1,1,1,0,0,1
33,55.2,1.005,3,1,0,1,0,0,127.0,61.5,1.16,129.9,2.83,16.0,40.8,6430.0,3.62,0,0,1,0,0,1,1
2,78.8,1.01,0,3,0,0,1,0,80.4,19.6,1.25,135.1,4.74,8.2,25.1,7064.0,6.01,1,0,1,0,1,0,1
15,67.2,1.015,5,5,1,0,1,0,132.4,93.3,2.31,142.9,3.95,15.3,48.6,7781.0,5.21,1,0,1,1,0,0,1
33,66.8,1.02,0,4,1,1,1,1,185.1,23.6,1.84,138.1,3.55,10.7,31.9,9356.0,7.41,1,1,1,1,0,1,1
31,110.8,1.01,3,5,0,0,1,1,176.8,59.0,0.7,137.0,3.34,15.3,30.9,8338.0,5.65,1,0,0,0,1,0,1
90,75.5,1.005,0,4,0,1,1,0,151.0,55.3,1.51,141.5,5.1,14.3,32.3,9717.0,2.99,0,1,1,1,0,1,1
66,90.1,1.01,5,5,0,0,1,0,107.4,96.8,2.45,137.3,3.68,12.9,29.7,7371.0,5.85,1,0,0,0,1,1,1
51,101.5,1.005,4,1,1,0,0,0,145.2,111.5,2.07,146.0,5.28,16.2,35.2,8940.0,5.82,0,0,0,0,0,0,1
59,68.0,1.01,2,4,0,0,0,0,181.5,140.0,1.46,138.1,2.38,10.6,40.3,7206.0,5.95,0,0,1,1,1,1,1
10,58.9,1.005,5,3,1,0,0,0,155.8,29.4,0.4,139.3,4.82,14.0,46.1,6590.0,5.33,1,1,1,1,0,1,1
24,106.7,1.005,1,4,1,0,1,0,200.0,41.1,0.6,118.0,2.13,13.1,35.3,7599.0,6.04,0,1,0,1,0,0,1
44,50,1.015,3,5,0,0,0,0,148.5,37.3,1.61,128.9,3.41,12.6,31.8,9122.0,2,1,1,0,1,1,0,1
3,71.4,1.025,0,3,0,0,0,0,108.6,64.2,1.48,129.5,2.56,11.5,30.1,11380.0,3.15,0,1,1,0,1,1,1
14,86.3,1.015,0,3,0,1,1,0,185.7,58.2,0.57,138.3,3.09,12.4,49.0,6543.0,5.63,1,0,0,0,0,1,1
69,55.9,1.02,0,2,1,1,1,0,194.6,34.4,1.1,142.8,4.43,9.7,38.3,10647.0,4.72,1,0,0,0,1,1,1
86,84.5,1.01,1,5,1,0,0,1,281.9,10,4.29,140.3,3.99,12.1,37.9,9861.0,5.16,1,1,0,1,1,0,1
79,64.6,1.01,3,5,0,0,1,0,110.4,35.7,2.42,145.2,4.95,14.0,37.8,4840.0,4.3,0,1,0,1,1,1,1
78,133.6,1.015,2,0,1,0,0,1,161.4,90.3,1.03,154.9,4.95,11.2,37.2,8141.0,5.74,1,1,0,0,1,0,1
85,87.0,1.015,5,2,0,0,1,1,125.0,120.2,0.79,139.7,3.54,12.5,53.3,6285.0,7.85,1,0,1,1,1,0,1
39,97.3,1.005,1,0,0,1,1,1,168.0,81.5,0.4,140.1,3.68,13.8,41.5,8178.0,4.57,0,0,1,1,0,1,0
36,69.8,1.01,4,2,1,0,1,0,224.2,42.4,0.4,135.2,5.14,13.6,23.0,10108.0,2.35,1,1,1,1,1,0,1
21,90.3,1.02,3,4,1,0,0,0,167.0,42.0,4.1,133.5,4.23,7.5,38.3,7616.0,4.58,0,0,1,0,1,0,1
75,59.6,1.025,5,5,0,1,0,1,182.9,37.8,2.56,108.9,4.54,12.4,43.9,7561.0,5.89,1,0,1,1,1,0,1
68,65.5,1.02,5,1,1,0,1,0,144.7,106.9,0.4,132.2,2.36,10.6,51.2,8621.0,2.12,0,0,0,0,0,0,1
59,66.1,1.01,1,2,0,0,0,1,177.9,33.2,0.4,135.1,3.74,12.4,36.1,8025.0,5.91,1,1,0,0,1,1,1
11,71.8,1.005,1,1,0,0,0,1,130.8,33.0,0.4,134.4,3.16,12.3,44.6,12820.0,4.35,0,1,0,0,1,1,0
86,90.4,1.025,5,4,1,1,1,1,119.4,56.6,1.22,141.1,2.84,11.6,40.4,8031.0,3.72,0,0,1,0,0,1,1
79,116.5,1.01,4,1,1,1,0,0,110.2,108.9,1.18,132.7,2.95,18.1,44.6,8137.0,6.42,1,1,1,1,1,0,1
69,57.2,1.025,3,3,0,0,0,0,185.0,55.5,2.19,138.3,5.13,13.3,44.9,2821.0,3.98,1,0,1,0,0,0,1
73,104.8,1.015,2,0,0,1,1,0,165.3,46.3,2.63,138.5,3.69,14.4,41.6,7255.0,6.51,0,0,0,1,0,0,1
16,90.0,1.01,3,3,1,0,1,0,87.4,61.0,0.4,142.3,2.4,12.0,35.4,12212.0,5.04,0,0,1,1,1,0,1
16,71.2,1.015,5,3,0,1,1,1,198.7,71.6,1.5,144.0,5.13,15.2,34.6,5288.0,4.24,0,0,0,0,1,1,1
77,72.2,1.01,2,4,1,0,0,1,88.4,98.1,1.17,128.7,4.46,7.6,47.2,11933.0,3.99,1,0,0,1,1,1,1
54,51.2,1.005,0,2,1,1,0,0,183.6,10,0.4,127.6,3.24,14.9,46.8,9055.0,5.36,1,0,0,1,0,1,0
21,85.2,1.005,4,3,1,1,1,0,152.4,23.3,3.46,128.7,3.95,15.6,42.1,5449.0,4.21,0,1,0,1,0,0,1
46,93.5,1.005,4,4,1,0,0,0,155.1,39.4,1.01,139.4,3.99,10.0,56.1,7497.0,3.52,1,1,0,1,0,1,1
45,79.0,1.015,5,0,0,1,0,0,202.3,66.4,0.4,139.1,4.19,16.4,43.2,6972.0,5.62,0,0,0,0,0,0,1
21,97.2,1.01,3,1,1,1,0,1,108.7,130.4,1.65,162.0,4.38,17.9,44.0,5551.0,6.14,0,1,1,1,1,1,1
3,104.5,1.005,1,1,0,0,1,0,77.5,61.4,1.67,144.7,4.4,10.8,43.4,6386.0,5.47,0,0,1,0,0,0,1
15,74.4,1.01,5,4,0,0,1,1,160.5,97.6,1.48,142.8,4.7,13.6,40.4,10630.0,6.6,1,0,1,0,0,1,1
78,92.3,1.005,5,5,0,1,0,0,191.8,82.6,1.75,137.3,2.78,14.4,25.5,9113.0,4.75,0,0,0,1,0,0,1
36,97.4,1.025,4,5,1,1,0,1,138.0,59.8,2.33,152.9,2.83,15.9,37.9,9596.0,3.52,0,0,0,0,1,1,1
72,115.7,1.02,4,1,0,0,1,1,139.3,70.1,1.1,142.0,5.27,13.0,40.3,6279.0,5.73,0,0,1,1,1,1,1
11,71.4,1.01,3,2,0,0,0,1,188.2,83.9,3.42,123.8,4.12,10.5,53.0,8384.0,6.73,0,1,1,1,1,1,1
50,77.6,1.025,2,4,0,1,0,1,128.9,52.1,1.04,135.6,5.46,8.6,36.1,8294.0,4.14,0,1,0,0,0,1,1
35,120.2,1.01,5,0,0,0,1,1,129.4,27.4,0.88,137.5,3.98,10.1,32.2,5689.0,7.26,1,1,0,1,1,0,1
44,82.4,1.01,5,4,0,0,0,0,132.2,82.4,0.97,137.8,5.88,9.7,24.0,7903.0,2.68,1,1,1,1,0,0,1
84,78.1,1.015,3,4,0,1,0,0,60.3,85.3,0.4,150.5,4.64,15.2,43.9,7768.0,5.13,0,0,1,1,0,1,0
53,102.2,1.005,0,1,1,1,1,1,132.1,10,3.27,150.7,3.33,14.3,36.4,7091.0,2.8,0,0,1,1,0,1,1
77,89.6,1.005,3,3,0,1,1,1,151.0,88.6,1.91,128.9,4.78,11.6,21.9,7491.0,6.34,0,0,1,0,1,1,1
44,52.4,1.01,2,2,1,0,0,1,159.7,10,0.97,137.2,4.1,9.8,39.0,8384.0,6.04,1,1,0,1,0,0,1
89,52.0,1.01,5,3,1,0,1,1,198.9,37.5,1.35,139.0,4.21,11.6,33.3,8352.0,4.01,1,0,0,0,0,0,1
52,91.6,1.005,4,2,1,0,1,0,86.4,84.2,1.54,120.7,4.42,15.6,36.6,9665.0,4.85,0,0,1,0,0,1,1
71,91.0,1.025,4,3,0,0,0,0,72.5,22.4,0.4,138.9,4.48,13.4,35.9,10755.0,3.65,0,0,1,1,1,0,1
47,64.5,1.005,1,1,0,1,0,1,86.3,57.1,1.43,143.2,5.09,10.2,43.3,6594.0,3.31,1,0,0,1,0,1,1
50,59.2,1.005,2,0,0,1,0,1,77.0,42.4,0.4,138.0,4.59,15.6,37.6,7682.0,5.48,0,1,0,1,0,1,0
8,71.7,1.025,3,2,0,1,1,0,139.7,40.0,2.9,146.8,6.42,15.5,38.7,8964.0,6.0,1,0,1,1,0,0,1
44,112.5,1.01,5,4,1,1,0,0,167.7,60.8,0.4,130.9,3.6,11.0,27.9,9083.0,5.54,0,1,0,1,0,0,1
18,86.7,1.01,4,3,1,1,1,1,189.3,30.3,2.02,143.0,3.54,15.3,41.5,11335.0,6.13,0,0,0,1,0,1,1
25,89.9,1.005,4,2,1,1,1,1,106.3,112.8,0.4,127.0,3.93,11.6,29.8,9766.0,8.94,0,1,1,0,0,1,1
82,66.9,1.02,3,0,0,1,0,0,73.2,66.1,0.7,147.5,5.1,15.6,49.6,5529.0,3.71,1,0,1,0,1,0,1
53,80.2,1.025,5,1,0,1,0,1,59.1,10,1.5,143.8,4.35,15.7,42.9,9871.0,3.72,1,0,1,1,0,0,1
73,96.4,1.015,1,1,0,1,0,1,84.1,65.2,0.9,140.3,4.64,16.5,34.1,3027.0,7.03,1,0,0,0,1,1,0
62,75.5,1.015,3,3,0,1,0,1,173.9,81.1,1.25,125.5,5.52,10.8,51.2,8302.0,5.83,0,0,1,1,0,1,1
66,103.0,1.005,3,2,0,1,1,0,161.2,10,1.78,147.0,5.06,14.3,46.7,8381.0,5.98,1,0,0,1,1,1,1
20,73.6,1.005,4,0,1,0,1,1,129.8,62.3,2.35,133.5,4.17,13.8,37.4,8513.0,3.45,0,1,1,1,0,1,1
70,98.5,1.02,2,2,0,0,0,0,119.3,101.1,0.4,139.1,5.06,12.8,29.8,7917.0,5.04,1,0,1,1,1,1,1
37,66.1,1.01,3,0,1,1,1,1,161.2,123.6,0.4,133.2,3.82,13.7,48.1,4892.0,5.58,0,0,1,0,0,0,1
77,93.5,1.025,5,2,0,1,0,0,153.0,27.3,1.16,134.8,1.46,11.4,36.7,5255.0,4.7,1,1,1,0,0,0,1
48,64.8,1.025,5,5,0,0,1,1,172.2,14.9,0.4,140.7,2.57,15.0,37.8,7528.0,3.43,1,1,0,0,1,1,1
4,74.1,1.025,1,1,0,1,1,1,174.3,27.2,1.17,127.6,4.61,13.7,37.3,8942.0,5.14,0,0,1,1,0,0,0
41,65.9,1.02,0,4,1,1,1,1,50,57.4,1.11,135.4,3.43,13.7,44.5,10219.0,4.65,1,1,1,0,1,1,1
74,50,1.02,0,5,0,1,0,0,76.7,74.7,1.28,133.3,5.31,9.5,33.4,9875.0,5.43,0,1,0,0,1,0,1
7,73.1,1.02,5,3,1,0,1,1,92.9,19.8,0.4,132.2,4.54,10.2,36.1,9346.0,5.28,0,0,0,1,0,1,1
29,112.2,1.02,5,4,0,0,1,0,194.3,91.0,4.17,138.9,2.5,10.3,41.2,4418.0,8.35,1,1,1,1,1,0,1
69,88.3,1.015,0,2,0,0,1,1,192.6,27.8,3.79,134.3,3.1,12.8,42.2,5856.0,3.46,1,1,0,1,1,0,1
4,78.0,1.025,0,1,1,0,1,0,150.7,25.6,2.73,146.5,3.89,17.6,46.5,11918.0,7.68,0,1,1,1,0,0,1
58,81.8,1.025,1,2,1,0,1,0,192.7,108.0,1.12,146.2,4.38,14.6,33.1,10544.0,4.1,0,0,1,0,0,1,1
55,73.9,1.02,1,2,0,1,1,0,125.3,10,2.28,137.2,3.33,15.8,52.0,10424.0,5.16,1,0,1,1,1,1,1
44,73.5,1.015,2,2,1,1,1,1,199.5,71.3,2.75,139.8,3.87,19.0,38.6,9655.0,2.58,1,1,1,0,1,0,1
62,50,1.02,5,5,0,1,1,1,175.2,10,0.4,134.5,5.06,14.2,54.4,11010.0,4.85,0,0,1,0,1,0,0
38,50,1.01,5,5,0,1,1,1,141.2,48.0,0.4,135.6,3.64,13.5,34.8,8900.0,3.1,0,0,0,0,0,1,1
4,50,1.005,5,0,1,1,1,1,166.3,92.1,0.4,148.5,3.07,17.7,39.1,7480.0,4.87,1,1,1,0,0,0,1
85,53.7,1.02,5,1,1,0,1,0,158.3,151.1,1.9,147.6,4.54,11.6,53.7,7410.0,3.91,1,1,0,1,0,1,1
89,60.1,1.025,0,4,0,0,1,0,241.6,26.8,0.4,137.1,2.63,15.1,42.9,7031.0,4.2,1,0,0,0,1,1,0
37,53.6,1.02,4,3,0,0,1,1,216.5,10,2.1,132.4,4.6,7.7,45.3,5576.0,2.91,1,1,1,0,0,0,1
47,80.2,1.01,0,4,1,1,0,0,152.5,57.0,3.61,132.7,3.97,16.3,37.4,9473.0,5.65,1,0,1,0,1,1,1
29,94.6,1.005,4,1,0,0,0,0,80.5,38.8,0.4,138.1,3.01,13.1,34.3,7879.0,5.92,0,1,1,0,0,1,0
60,118.4,1.01,1,2,1,1,1,1,135.7,89.3,2.74,130.8,4.33,9.8,53.0,6426.0,4.78,1,1,1,1,0,1,1
68,96.1,1.01,4,4,1,0,0,1,104.3,80.1,0.4,135.9,4.37,10.6,44.9,5653.0,3.57,1,0,0,1,1,1,1
12,94.2,1.02,1,4,1,0,1,0,93.6,87.7,2.64,146.1,3.05,13.7,42.3,7819.0,3.77,1,1,1,0,0,1,1
89,69.7,1.02,0,0,0,1,1,1,162.9,23.6,1.43,134.2,2.26,8.8,42.6,10289.0,3.11,0,0,0,0,1,1,1
17,103.8,1.02,0,3,0,1,0,1,167.4,55.0,0.4,146.5,4.47,14.2,40.3,5970.0,5.66,0,1,0,1,1,0,0
24,56.4,1.01,0,1,1,0,1,1,120.2,68.7,1.06,130.5,2.12,15.7,44.5,9490.0,3.49,1,0,0,1,0,1,0
52,82.9,1.005,5,3,0,0,0,1,93.7,53.5,0.4,134.5,4.07,9.7,34.9,8746.0,5.5,1,1,1,0,0,0,1
8,82.6,1.02,1,2,0,0,0,0,148.6,104.5,1.94,135.0,4.79,11.7,39.0,5573.0,2.81,0,0,1,1,0,1,1
3,94.2,1.005,2,4,0,0,1,0,160.7,73.0,1.01,130.2,2.3,15.4,40.9,6107.0,5.71,0,1,0,1,1,1,1
11,72.6,1.015,4,0,0,1,0,1,180.6,82.2,0.93,147.7,2.84,12.0,47.5,8257.0,4.97,1,0,1,1,1,1,1
86,73.0,1.02,1,1,0,0,1,0,71.0,83.0,1.06,138.4,4.38,11.7,21.9,5816.0,4.99,1,1,0,1,1,0,1
77,90.3,1.01,1,5,1,0,0,1,141.8,39.4,1.42,140.2,4.26,8.4,40.0,7865.0,3.59,0,1,1,0,1,1,1
76,78.3,1.025,2,5,1,1,0,0,88.1,73.7,0.4,144.6,3.29,12.8,62.0,5949.0,2,0,1,0,1,0,0,0
47,80.6,1.01,0,0,0,1,0,0,132.4,101.7,1.22,145.8,3.31,12.5,18.2,9266.0,4.79,1,0,1,1,0,1,1
58,71.7,1.025,4,0,0,1,1,1,162.9,10,1.53,133.7,2.35,15.4,24.2,10963.0,5.0,0,0,1,1,0,1,1
76,85.7,1.015,5,1,0,1,1,0,112.9,18.3,0.4,129.1,3.29,15.0,46.6,6931.0,4.28,1,1,1,1,1,0,1
17,70.9,1.005,0,1,0,0,0,0,154.1,61.3,0.4,136.2,3.31,9.7,31.4,6847.0,5.0,1,1,0,0,1,0,0
27,50,1.02,5,0,0,1,1,0,73.6,70.0,2.8,136.3,5.04,11.5,37.9,12015.0,4.34,0,0,0,0,1,1,1
26,52.2,1.025,1,2,1,1,0,1,84.3,86.2,0.97,133.2,3.59,14.0,50.9,5399.0,4.96,0,0,0,0,1,0,1
59,64.3,1.025,1,2,1,1,0,0,140.9,11.1,3.73,148.2,4.73,7.9,32.9,11049.0,4.45,1,1,1,1,0,1,1
20,88.2,1.025,3,0,0,0,1,0,78.8,116.0,4.51,137.0,4.92,12.6,50.4,6880.0,3.04,1,1,1,0,1,0,1
81,76.8,1.02,2,2,1,0,0,0,138.7,49.0,0.56,154.7,4.31,9.7,40.7,10068.0,2,1,1,0,1,1,1,1
22,105.9,1.025,2,5,0,0,1,1,57.3,32.7,0.4,137.9,2.51,17.1,41.3,4892.0,7.07,1,1,1,1,0,1,0
70,81.9,1.015,1,3,1,1,1,1,121.0,54.9,0.4,153.1,3.81,8.2,43.5,6609.0,4.34,0,1,0,1,0,0,1
19,50,1.01,5,2,0,1,0,1,101.0,53.2,1.74,125.1,3.28,16.0,39.7,9139.0,5.59,0,0,1,0,0,1,1
77,50,1.02,4,0,0,1,1,0,58.9,24.0,1.25,145.2,4.24,16.2,43.4,8328.0,3.77,0,1,0,0,0,1,1
11,71.4,1.015,4,0,0,1,0,1,99.6,115.3,2.26,142.9,2.35,10.2,35.1,8852.0,2,0,1,0,0,1,0,1
87,69.2,1.005,3,3,1,0,1,1,131.0,34.1,0.79,142.2,4.21,15.3,29.2,8220.0,6.71,0,1,1,1,0,1,1
16,73.4,1.015,5,4,1,0,1,1,197.3,97.4,2.19,145.8,4.24,14.2,51.0,7565.0,4.46,0,0,0,0,1,1,1
18,69.8,1.01,0,1,0,0,0,1,50,10,1.28,127.5,4.29,14.1,39.7,7627.0,4.38,0,0,1,1,1,1,0
28,78.0,1.005,5,1,1,1,1,0,136.0,52.4,1.47,138.3,5.34,11.2,30.9,8939.0,4.73,1,1,0,0,1,0,1
87,92.6,1.005,2,0,0,1,1,1,119.7,133.7,2.39,145.8,3.92,14.3,38.9,8818.0,4.26,0,1,0,1,0,0,1
73,106.8,1.02,5,4,1,1,0,1,163.0,62.3,1.24,154.8,4.59,10.9,52.7,7259.0,6.13,0,0,0,1,1,1,1
9,79.8,1.01,5,2,0,1,1,0,168.1,47.6,3.49,144.2,5.33,24.1,21.8,7372.0,3.58,0,0,0,0,1,0,1
36,79.0,1.025,1,1,1,0,0,0,83.5,80.1,2.24,143.9,3.06,13.8,44.2,7797.0,3.02,0,0,0,0,1,0,1
36,93.4,1.01,4,5,0,0,1,1,159.0,65.0,1.11,145.7,4.95,12.7,43.0,7992.0,7.0,1,0,1,1,1,1,1
54,84.1,1.01,4,1,1,1,0,1,218.1,46.9,3.84,132.0,3.89,11.5,29.1,6626.0,5.38,0,0,0,0,1,0,1
39,50,1.005,0,1,0,0,0,1,162.9,10,3.64,145.4,3.86,10.7,33.4,7333.0,4.99,1,1,1,1,1,1,1
88,74.6,1.025,5,3,1,0,1,1,98.5,47.4,3.75,151.3,3.88,11.8,41.8,7704.0,5.66,0,1,1,0,0,0,1
16,82.6,1.005,5,1,0,1,0,1,70.8,61.5,0.4,132.9,4.58,12.0,53.3,7083.0,3.76,0,1,0,0,0,0,1
41,50,1.01,2,5,1,0,0,0,230.4,81.1,1.67,148.6,4.05,12.2,38.4,8762.0,5.1,1,0,0,1,0,1,1
79,99.9,1.015,4,1,0,1,0,0,123.2,28.7,0.4,136.5,2.35,11.2,36.0,8541.0,2.93,1,0,1,0,0,0,1
6,60.2,1.005,0,3,1,1,0,1,150.3,10,1.72,144.1,3.98,13.2,33.7,10075.0,5.85,1,0,1,1,0,1,1
23,82.0,1.005,3,5,0,0,1,0,64.0,82.1,1.05,136.7,4.16,12.5,35.0,9352.0,2.35,1,0,1,0,1,1,1
54,91.8,1.015,4,5,0,0,0,0,149.7,118.5,2.03,149.3,3.34,16.1,44.3,7143.0,3.53,1,1,1,0,0,0,1
50,104.2,1.015,2,1,1,1,0,1,162.3,91.1,0.56,135.3,3.35,12.7,40.3,7792.0,6.38,0,0,0,0,1,0,1
25,50,1.025,0,3,0,0,0,0,156.9,57.3,0.4,134.1,4.51,10.0,37.6,4353.0,3.93,1,1,1,1,0,1,1
89,117.0,1.02,0,1,0,0,1,0,208.0,52.5,2.64,139.6,2.21,14.0,35.0,9164.0,4.33,1,0,1,0,1,1,1
72,54.9,1.015,0,3,0,0,0,1,148.6,10,2.75,140.7,5.93,13.4,45.3,6637.0,5.45,0,1,0,1,0,0,1
26,74.0,1.02,4,5,1,0,1,1,82.1,95.7,1.32,142.9,3.98,8.7,33.5,9743.0,5.56,0,0,1,1,1,1,1
20,50,1.025,4,0,1,1,0,0,124.2,59.5,2.08,130.9,3.71,14.0,49.0,8290.0,6.66,0,1,1,1,1,1,1
81,126.0,1.025,4,2,0,1,1,0,176.7,24.3,2.49,137.8,4.42,14.4,33.9,7575.0,6.37,1,0,1,1,0,0,1
58,103.0,1.02,1,4,1,1,0,1,118.1,40.3,2.68,131.4,4.8,14.4,39.3,4770.0,6.43,0,0,1,1,1,0,1
23,96.9,1.005,1,0,0,0,1,1,124.9,54.4,1.53,128.5,4.12,13.1,47.3,9645.0,6.03,0,1,1,1,1,1,1
16,94.7,1.015,2,2,1,0,0,0,203.4,44.2,0.4,129.8,3.92,9.8,49.9,5923.0,5.37,1,0,0,0,0,1,0
21,60.7,1.01,0,2,0,1,0,1,80.3,38.3,1.7,129.1,4.18,11.3,52.0,8894.0,4.77,0,1,0,0,1,1,1
8,117.2,1.01,1,2,1,1,1,1,136.5,60.6,3.21,133.0,2.67,13.6,34.8,13732.0,5.67,0,0,0,1,0,1,1
19,93.4,1.02,2,0,1,0,1,0,73.0,16.2,1.53,134.5,3.25,10.4,38.4,8117.0,5.21,0,1,1,1,0,1,1
12,96.1,1.015,4,0,0,0,0,1,197.6,10,0.4,149.0,4.66,16.9,38.2,6934.0,3.74,0,0,0,0,1,0,0
59,69.3,1.025,1,0,0,1,1,1,182.4,10,0.77,130.7,3.93,12.0,43.3,7744.0,5.28,0,1,1,1,0,0,1
76,95.8,1.02,5,4,0,1,0,1,142.9,59.7,3.04,126.7,4.45,14.9,37.8,4153.0,7.34,1,0,1,1,0,0,1
75,87.1,1.02,5,3,0,1,0,0,153.3,52.7,4.35,131.4,3.41,15.4,42.3,6338.0,9.51,0,1,1,0,0,1,1
69,82.1,1.01,3,5,0,0,1,1,68.8,36.3,1.22,136.4,3.96,10.3,49.5,10054.0,3.53,1,0,0,1,0,0,1
66,65.1,1.01,1,2,1,0,0,0,198.0,21.8,1.11,130.2,4.05,10.2,49.7,9449.0,2.18,0,1,1,0,0,1,1
59,50,1.015,4,0,0,1,0,0,176.4,111.9,3.39,141.8,3.12,16.8,43.3,8467.0,5.62,0,0,1,0,0,1,1
41,82.5,1.02,0,5,1,1,1,0,173.4,26.0,2.79,154.4,2.76,13.4,32.9,6347.0,7.67,0,0,1,1,1,0,1
86,98.4,1.015,0,0,0,0,1,1,201.3,102.2,0.43,147.2,2.54,13.9,32.3,7367.0,7.55,0,1,1,0,0,1,0
22,65.1,1.02,3,4,0,1,1,0,140.7,10,3.45,150.8,4.42,11.2,35.7,10417.0,2.36,0,0,1,1,0,0,1
8,61.4,1.005,4,2,1,1,1,0,147.6,77.9,2.01,126.3,3.81,11.2,28.8,7903.0,4.49,1,1,0,0,1,0,1
13,64.9,1.025,1,4,0,0,1,1,139.5,10,1.76,133.1,4.16,15.2,37.2,11537.0,4.41,1,1,1,1,1,1,1
46,81.1,1.025,2,0,1,0,1,0,103.9,79.5,0.83,141.8,5.48,14.8,47.6,7650.0,6.18,0,0,0,0,0,1,0
37,80.5,1.01,0,2,0,0,0,0,153.6,21.2,0.98,144.2,3.65,9.1,49.1,10012.0,6.47,0,1,0,0,0,0,1
45,84.2,1.015,3,4,1,1,1,0,153.0,10,0.4,138.5,4.13,9.7,48.2,9014.0,6.39,0,1,1,1,0,0,1
23,80.8,1.015,5,3,1,1,1,1,300.8,27.4,0.66,132.9,3.63,10.5,34.9,5698.0,5.8,0,0,1,1,1,1,1
72,64.6,1.01,4,3,0,1,0,0,82.1,10,2.3,140.9,4.83,10.8,38.9,6214.0,5.68,0,0,1,0,0,0,1
17,77.9,1.015,1,5,1,0,1,1,113.7,91.3,1.04,137.3,5.28,12.6,32.8,8237.0,6.21,0,1,0,1,1,1,1
10,84.6,1.005,3,0,1,0,1,0,181.5,10,0.99,141.8,5.11,13.6,23.7,9510.0,5.9,1,0,1,1,1,0,1
85,72.8,1.01,1,4,1,0,1,0,226.3,10,1.29,140.0,5.58,10.5,41.5,8566.0,5.53,1,0,1,0,0,0,1
55,71.9,1.005,0,5,1,1,1,0,120.7,27.0,2.21,122.8,3.8,10.7,36.6,9538.0,5.98,1,1,0,0,0,1,1
50,72.0,1.025,2,4,0,1,1,0,114.9,120.8,1.66,129.5,2.9,13.9,44.9,8872.0,3.12,1,0,0,1,0,1,1
61,82.9,1.01,2,1,1,1,1,1,131.2,83.0,1.51,130.9,4.54,13.3,41.8,9722.0,4.01,1,1,0,1,1,1,1
74,85.8,1.015,3,4,0,1,0,0,103.0,69.6,2.45,138.2,3.3,15.3,47.0,5271.0,4.65,0,1,1,1,1,0,1
9,74.4,1.02,0,3,0,1,1,0,283.2,92.5,3.43,141.1,2.63,14.1,49.6,9724.0,2.4,1,0,1,1,0,1,1
54,82.9,1.025,0,1,0,1,0,1,220.8,59.0,0.8,127.7,4.07,9.9,37.9,6530.0,7.31,1,0,1,1,1,1,1
67,116.5,1.015,0,3,1,0,1,1,126.9,69.9,1.95,135.5,3.76,16.6,47.4,8504.0,3.91,1,0,1,1,1,1,1
37,70.6,1.025,1,4,0,0,1,1,130.9,79.7,1.54,127.0,3.99,7.4,32.9,7054.0,5.01,0,0,0,0,0,0,1
17,78.7,1.02,4,1,0,0,1,0,126.0,23.9,2.82,138.3,3.29,14.0,41.5,8269.0,4.96,0,1,0,1,1,0,1
83,83.9,1.02,0,0,0,0,0,1,159.5,98.0,0.8,132.2,3.45,11.5,31.2,7507.0,6.87,1,0,0,0,1,1,1
19,84.1,1.02,3,0,0,0,1,1,98.9,78.3,0.59,145.7,4.53,13.3,35.9,9107.0,7.38,0,0,0,0,0,0,0
6,101.9,1.02,4,0,0,1,1,0,204.9,102.9,0.4,124.7,2.79,14.5,39.6,5219.0,6.13,0,1,0,1,0,1,1
83,88.4,1.02,4,0,1,1,1,1,87.6,48.0,1.55,130.5,4.44,10.8,33.4,10873.0,3.87,0,1,0,1,1,0,1
18,124.8,1.01,5,2,1,1,0,1,71.8,30.8,2.29,150.2,4.74,15.0,58.5,8753.0,6.95,0,1,1,1,0,0,1
51,77.9,1.015,5,1,1,0,0,1,236.8,120.5,1.68,142.5,4.43,15.5,40.4,9027.0,2.44,0,0,1,0,1,0,1
24,66.7,1.02,1,2,1,1,1,1,183.7,19.1,0.4,135.1,4.55,15.4,38.8,6608.0,7.28,1,0,1,0,0,1,0
60,64.7,1.02,4,0,0,1,0,0,145.2,123.6,2.78,139.3,3.44,14.6,38.0,8673.0,5.62,0,1,1,1,0,1,1
90,94.9,1.005,4,4,0,0,1,1,201.6,66.5,1.69,138.8,4.42,15.1,44.5,10720.0,5.87,1,1,0,0,1,0,1
57,70.0,1.025,1,1,1,0,0,0,172.8,70.8,3.5,132.4,4.1,15.9,43.3,7120.0,10.15,1,0,0,0,0,1,1
88,62.1,1.015,1,1,0,1,0,0,214.0,147.3,0.4,147.5,4.21,12.7,43.5,13922.0,4.63,0,1,0,0,1,0,0
68,98.3,1.02,5,5,1,0,0,0,152.6,93.0,3.38,143.6,3.99,13.7,35.8,6940.0,5.74,0,1,1,0,1,1,1
10,98.8,1.015,4,2,1,1,0,0,90.8,140.2,3.11,121.5,3.54,16.1,32.0,11109.0,5.43,1,0,0,0,0,1,1
54,97.1,1.01,5,3,0,0,1,1,223.3,43.1,1.77,138.9,5.47,9.7,37.0,10827.0,4.53,1,0,0,0,1,0,1
59,50,1.01,5,5,1,0,0,0,97.9,18.8,0.86,134.3,4.06,10.0,46.6,8657.0,4.05,1,0,1,0,1,1,1
38,70.0,1.005,3,2,1,0,0,1,90.3,29.6,2.34,144.4,3.43,15.5,33.3,10581.0,4.95,1,0,0,1,0,1,1
12,79.6,1.015,4,4,1,0,1,1,168.3,71.9,1.06,138.9,3.09,15.2,34.2,6171.0,2.78,1,0,0,1,1,1,1
81,78.0,1.01,2,3,0,0,0,1,133.0,10,0.4,154.0,4.86,12.9,52.6,7173.0,5.59,0,0,1,0,0,1,0
56,114.6,1.015,4,3,0,1,0,1,115.6,82.0,1.0,146.9,4.92,12.1,40.7,7857.0,6.56,0,1,0,1,1,0,1
70,121.9,1.015,5,5,1,0,1,0,230.5,100.4,1.22,141.1,4.58,11.2,33.2,9478.0,3.94,1,1,0,0,1,1,1
27,109.9,1.005,0,2,1,1,0,1,77.2,10,2.79,129.1,5.05,15.1,45.3,9086.0,6.82,1,0,1,1,0,0,1
72,76.3,1.01,2,0,0,0,0,1,134.7,62.9,3.31,136.9,3.03,9.4,43.4,4628.0,4.39,1,0,0,1,0,1,1
88,85.4,1.02,5,0,1,1,0,0,111.6,120.0,0.4,130.4,3.99,9.1,51.2,8198.0,7.76,1,0,0,1,0,0,1
74,95.5,1.025,2,1,1,0,1,1,174.6,96.0,1.31,138.5,4.6,16.0,47.1,11964.0,4.63,0,1,1,0,0,0,1
6,133.0,1.025,3,0,1,1,1,0,96.4,10,0.4,143.5,3.16,16.9,37.6,4496.0,3.68,0,0,0,0,1,0,0
6,69.2,1.025,1,1,1,0,1,0,146.1,52.3,2.19,144.8,2.99,12.4,49.3,8647.0,5.19,1,1,1,1,0,0,1
25,73.6,1.015,1,0,0,0,1,0,77.8,77.5,1.14,135.1,5.02,17.9,32.9,6975.0,4.17,0,0,1,1,0,0,0
9,83.2,1.01,0,3,0,0,0,1,94.9,40.6,0.4,135.8,4.83,11.7,33.7,7073.0,3.15,0,1,0,0,1,1,0
54,50,1.005,1,0,1,0,1,0,178.4,13.9,3.3,142.3,3.92,10.3,22.9,9198.0,4.46,0,1,1,0,1,1,1
3,50,1.005,5,0,1,0,1,0,130.9,10,2.26,146.8,3.69,11.3,44.1,8029.0,6.27,0,0,1,1,1,1,1
6,100.5,1.015,5,2,1,1,1,1,162.4,10,1.2,141.2,4.69,10.5,35.0,8335.0,5.62,1,1,0,1,1,1,1
24,72.6,1.015,5,4,0,1,0,1,92.4,90.1,0.4,134.2,3.17,13.3,45.6,6799.0,5.39,1,1,0,0,0,1,1
15,103.0,1.005,2,4,1,1,0,0,96.6,24.1,2.64,131.0,3.09,11.8,40.4,12553.0,4.56,1,1,0,1,1,0,1
45,86.9,1.01,0,1,1,0,1,1,200.7,10,2.62,138.6,2.32,18.2,58.5,9518.0,3.98,1,0,1,0,0,0,1
86,78.6,1.01,2,2,0,0,1,0,231.5,19.9,2.09,152.1,3.71,14.1,36.8,5870.0,5.74,0,0,1,1,0,1,1
60,55.3,1.025,4,0,0,0,1,0,135.7,51.1,0.4,134.7,3.14,13.3,44.3,7757.0,4.7,1,0,1,1,0,1,0
79,71.3,1.015,4,1,1,1,1,1,128.7,22.6,0.4,141.0,2.68,12.1,42.6,10197.0,3.67,1,0,1,0,1,1,0
56,98.9,1.02,4,4,0,0,1,0,180.2,31.0,0.4,138.6,2.54,13.8,33.4,8242.0,4.06,1,0,1,0,0,0,1
46,67.2,1.005,1,4,0,1,0,1,152.4,91.6,2.77,145.9,5.32,8.4,50.2,6471.0,6.61,1,1,0,0,0,0,1
56,92.4,1.025,4,5,0,1,0,0,91.9,61.9,1.37,134.3,3.07,16.4,45.4,2153.0,3.74,0,0,1,1,0,1,1
17,58.2,1.015,3,3,1,1,0,1,106.0,79.9,0.47,135.3,5.35,12.6,39.5,9357.0,2.51,1,0,1,1,1,0,1
9,105.8,1.02,5,1,1,1,0,1,154.9,41.4,0.98,125.7,4.66,7.4,49.8,7039.0,5.0,1,1,0,1,0,1,1
22,69.2,1.01,2,3,0,1,1,0,170.3,18.2,1.06,138.5,4.38,11.0,49.9,6278.0,3.91,1,0,0,1,1,0,1
64,53.1,1.015,4,3,1,1,0,0,54.0,92.4,1.66,154.5,4.28,14.0,31.0,8306.0,5.95,1,1,1,0,1,0,1
40,108.6,1.015,5,3,0,1,0,1,168.2,36.0,2.62,137.3,4.22,17.5,49.0,10399.0,7.15,1,1,1,0,1,1,1
12,66.4,1.005,0,1,1,0,1,0,152.3,53.9,1.57,131.7,2.37,14.9,30.9,6455.0,5.06,1,0,1,0,0,0,1
74,73.3,1.015,0,1,1,0,0,1,148.4,10,2.76,152.0,4.51,13.5,42.1,6706.0,6.36,1,1,1,0,0,1,1
78,117.0,1.01,4,2,0,0,1,1,124.5,104.6,2.01,131.4,2.59,17.4,36.8,8573.0,4.08,1,1,1,0,1,0,1
67,79.3,1.005,5,1,1,0,1,1,183.5,95.2,1.72,142.2,3.95,10.4,30.0,7428.0,2.85,1,1,0,0,1,0,1
70,50,1.015,2,4,1,1,0,0,120.4,45.3,2.63,137.5,5.47,15.1,47.3,7176.0,3.91,1,0,0,0,1,0,1
57,70.1,1.005,0,4,0,1,0,0,127.3,93.9,1.1,134.6,4.05,14.7,34.2,3550.0,5.71,0,1,0,1,0,0,1
85,63.6,1.025,3,5,1,1,1,0,165.4,72.1,1.96,149.1,3.12,17.8,31.1,9669.0,7.67,0,0,0,1,1,0,1
16,54.2,1.005,3,3,0,1,1,1,148.9,11.7,0.4,146.3,3.44,17.3,47.3,8493.0,4.01,0,0,0,0,1,1,0
90,87.1,1.005,4,4,1,0,1,0,152.2,65.0,1.12,135.7,4.68,14.5,38.1,8761.0,6.98,0,1,0,1,0,0,1
43,68.4,1.025,5,2,0,1,0,0,154.9,45.4,1.31,147.8,4.48,9.9,25.1,8393.0,5.56,0,0,1,0,1,1,1
14,66.7,1.015,3,2,0,1,1,1,222.2,122.2,2.54,141.5,4.77,12.4,33.9,6633.0,4.53,0,0,0,1,1,1,1
56,76.8,1.02,0,3,0,0,1,0,196.7,67.5,1.95,139.8,5.97,11.2,50.8,2809.0,4.3,0,1,1,1,1,1,1
80,88.2,1.02,4,4,0,1,0,0,138.5,64.1,2.11,136.9,3.92,10.6,43.1,6931.0,6.12,1,1,1,1,1,0,1
30,72.7,1.02,4,2,1,0,0,1,224.9,46.7,0.4,128.1,4.59,13.1,46.9,9347.0,3.5,0,0,1,0,0,1,1
63,60.2,1.02,5,5,1,1,1,0,182.6,28.7,2.59,145.6,3.67,13.1,34.5,7794.0,5.86,1,1,0,0,0,0,1
23,95.0,1.02,2,4,0,0,0,0,150.5,57.6,0.4,136.9,4.94,14.8,37.8,4652.0,8.35,0,0,0,0,1,1,0
43,88.8,1.02,0,5,0,1,0,0,120.7,34.3,2.26,139.6,4.57,12.4,52.9,8777.0,5.55,1,1,0,1,1,1,1
31,106.1,1.01,1,5,0,0,0,0,139.1,39.3,1.97,132.1,4.54,7.1,32.4,9344.0,7.81,0,1,0,0,0,0,1
42,82.7,1.015,1,2,0,0,1,0,154.7,57.0,1.82,135.5,3.17,9.9,45.8,8775.0,5.13,0,1,1,1,0,0,1
13,90.4,1.015,2,2,1,1,0,0,168.0,90.0,1.61,133.1,5.47,11.1,55.4,11424.0,4.62,1,0,1,1,0,1,1
31,64.5,1.005,0,4,1,1,0,0,76.2,60.0,1.68,142.4,3.64,13.8,40.2,6144.0,4.06,0,0,1,1,0,0,1
84,50.5,1.005,1,4,1,1,1,1,129.3,82.0,0.69,140.6,2.95,11.9,52.0,7990.0,5.32,1,0,0,0,0,1,1
2,61.7,1.025,4,2,0,1,0,0,222.6,22.8,0.45,150.5,2.83,10.8,35.1,6211.0,6.91,1,1,0,1,1,1,1
36,90.7,1.02,4,4,1,0,0,1,170.2,93.9,1.98,151.8,3.98,14.4,37.0,5228.0,4.49,1,0,1,1,0,0,1
66,82.4,1.01,4,3,1,1,0,0,198.8,54.0,1.42,139.1,3.5,9.4,35.3,12128.0,4.95,1,1,1,1,0,0,1
20,76.2,1.01,0,2,1,0,1,1,209.2,43.1,0.84,144.6,4.72,16.3,40.6,7179.0,5.06,0,1,0,1,0,1,1
